"id","cluster","priority","intent","locale","title","primary_keyword","slug_or_route","recommended_page_type","target_audience","related_platforms","related_use_cases","index_policy","content_status","notes"
"blog_001","AI product photography basics","P0","informational","ru","Что такое AI-фото товаров","что такое ai-фото товаров","/ru/blog/topic-001","blog","marketplace sellers; instagram shops; small ecommerce teams","Kaspi; Wildberries; Ozon; Amazon; eBay","exact-product-card","index","published","Published with article content in data/seo/blogArticles.ts"
"blog_001","AI product photography basics","P0","informational","en","What is AI product photography","what is ai product photography","/en/blog/topic-001","blog","marketplace sellers; instagram shops; small ecommerce teams","Kaspi; Wildberries; Ozon; Amazon; eBay","exact-product-card","index","published","Published with article content in data/seo/blogArticles.ts"
"blog_002","AI product photography basics","P1","how-to","ru","Как сделать фото товара для маркетплейса","как сделать фото товара для маркетплейса","/ru/blog/topic-002","blog","marketplace sellers; instagram shops; small ecommerce teams","Kaspi; Wildberries; Ozon; Amazon; eBay","exact-product-card; marketplace-white-background","index","published","Published with article content in data/seo/blogArticles.ts"
"blog_002","AI product photography basics","P1","how-to","en","How to create product photos for a marketplace","how to create product photos for a marketplace","/en/blog/topic-002","blog","marketplace sellers; instagram shops; small ecommerce teams","Kaspi; Wildberries; Ozon; Amazon; eBay","exact-product-card; marketplace-white-background","index","published","Published with article content in data/seo/blogArticles.ts"
"blog_003","AI product photography basics","P0","how-to","ru","Как сделать белый фон для товара","как сделать белый фон для товара","/ru/blog/topic-003","blog","marketplace sellers; instagram shops; small ecommerce teams","Kaspi; Amazon; eBay","marketplace-white-background","index","published","Published with article content in data/seo/blogArticles.ts"
"blog_003","AI product photography basics","P0","how-to","en","How to make a white background for a product","how to make a white background for a product","/en/blog/topic-003","blog","marketplace sellers; instagram shops; small ecommerce teams","Kaspi; Amazon; eBay","marketplace-white-background","index","published","Published with article content in data/seo/blogArticles.ts"
"blog_004","AI product photography basics","P1","how-to","ru","Как улучшить фото товара без фотографа","как улучшить фото товара без фотографа","/ru/blog/topic-004","blog","marketplace sellers; instagram shops; small ecommerce teams","Shopify; Instagram Shop","product-photo-cleanup","index_when_content_ready","draft","Seed topic only; keep draft/noindex until keyword and content validation"
"blog_004","AI product photography basics","P1","how-to","en","How to improve product photos without a photographer","how to improve product photos without a photographer","/en/blog/topic-004","blog","marketplace sellers; instagram shops; small ecommerce teams","Shopify; Instagram Shop","product-photo-cleanup","index_when_content_ready","draft","Seed topic only; keep draft/noindex until keyword and content validation"
"blog_005","AI product photography basics","P1","how-to","ru","Как сделать карточку товара из обычного фото","как сделать карточку товара из обычного фото","/ru/blog/topic-005","blog","marketplace sellers; instagram shops; small ecommerce teams","Kaspi; Ozon; Wildberries","exact-product-card","index_when_content_ready","draft","Seed topic only; keep draft/noindex until keyword and content validation"
"blog_005","AI product photography basics","P1","how-to","en","How to make a product card from a regular photo","how to make a product card from a regular photo","/en/blog/topic-005","blog","marketplace sellers; instagram shops; small ecommerce teams","Kaspi; Ozon; Wildberries","exact-product-card","index_when_content_ready","draft","Seed topic only; keep draft/noindex until keyword and content validation"
"blog_006","AI product photography basics","P1","informational","ru","Как AI помогает продавцам маркетплейсов","как ai помогает продавцам маркетплейсов","/ru/blog/topic-006","blog","marketplace sellers; instagram shops; small ecommerce teams","Kaspi; Wildberries; Amazon","ecommerce-catalog-photos","index_when_content_ready","draft","Seed topic only; keep draft/noindex until keyword and content validation"
"blog_006","AI product photography basics","P1","informational","en","How AI helps marketplace sellers","how ai helps marketplace sellers","/en/blog/topic-006","blog","marketplace sellers; instagram shops; small ecommerce teams","Kaspi; Wildberries; Amazon","ecommerce-catalog-photos","index_when_content_ready","draft","Seed topic only; keep draft/noindex until keyword and content validation"
"blog_007","AI product photography basics","P1","informational","ru","Ошибки в товарных фото, которые снижают продажи","ошибки в товарных фото, которые снижают продажи","/ru/blog/topic-007","blog","marketplace sellers; instagram shops; small ecommerce teams","Shopify; Amazon","exact-product-card","index_when_content_ready","draft","Seed topic only; keep draft/noindex until keyword and content validation"
"blog_007","AI product photography basics","P1","informational","en","Product photo mistakes that hurt sales","product photo mistakes that hurt sales","/en/blog/topic-007","blog","marketplace sellers; instagram shops; small ecommerce teams","Shopify; Amazon","exact-product-card","index_when_content_ready","draft","Seed topic only; keep draft/noindex until keyword and content validation"
"blog_008","AI product photography basics","P1","how-to","ru","Как проверить AI-фото перед публикацией","как проверить ai-фото перед публикацией","/ru/blog/topic-008","blog","marketplace sellers; instagram shops; small ecommerce teams","Kaspi; Amazon; Etsy","exact-product-card","index","published","Published with article content in data/seo/blogArticles.ts"
"blog_008","AI product photography basics","P1","how-to","en","How to review AI product photos before publishing","how to review ai product photos before publishing","/en/blog/topic-008","blog","marketplace sellers; instagram shops; small ecommerce teams","Kaspi; Amazon; Etsy","exact-product-card","index","published","Published with article content in data/seo/blogArticles.ts"
"blog_009","AI product photography basics","P1","informational","ru","Почему AI может менять товар и как этого избежать","почему ai может менять товар и как этого избежать","/ru/blog/topic-009","blog","marketplace sellers; instagram shops; small ecommerce teams","Ozon; Amazon","exact-product-card","index_when_content_ready","draft","Seed topic only; keep draft/noindex until keyword and content validation"
"blog_009","AI product photography basics","P1","informational","en","Why AI can change a product and how to reduce it","why ai can change a product and how to reduce it","/en/blog/topic-009","blog","marketplace sellers; instagram shops; small ecommerce teams","Ozon; Amazon","exact-product-card","index_when_content_ready","draft","Seed topic only; keep draft/noindex until keyword and content validation"
"blog_010","AI product photography basics","P1","how-to","ru","Как сохранить цвет и форму товара в AI-фото","как сохранить цвет и форму товара в ai-фото","/ru/blog/topic-010","blog","marketplace sellers; instagram shops; small ecommerce teams","Kaspi; Amazon","exact-product-card","index_when_content_ready","draft","Seed topic only; keep draft/noindex until keyword and content validation"
"blog_010","AI product photography basics","P1","how-to","en","How to preserve product color and shape in AI photos","how to preserve product color and shape in ai photos","/en/blog/topic-010","blog","marketplace sellers; instagram shops; small ecommerce teams","Kaspi; Amazon","exact-product-card","index_when_content_ready","draft","Seed topic only; keep draft/noindex until keyword and content validation"
"blog_011","clothing / fashion","P0","how-to","ru","Как сделать фото одежды на модели","как сделать фото одежды на модели","/ru/blog/topic-011","blog","marketplace sellers; instagram shops; small ecommerce teams","Wildberries; Ozon; Shopify","clothing-on-model","index","published","Published with article content in data/seo/blogArticles.ts"
"blog_011","clothing / fashion","P0","how-to","en","How to create clothing photos on a model","how to create clothing photos on a model","/en/blog/topic-011","blog","marketplace sellers; instagram shops; small ecommerce teams","Wildberries; Ozon; Shopify","clothing-on-model","index","published","Published with article content in data/seo/blogArticles.ts"
"blog_012","clothing / fashion","P1","how-to","ru","Как перенести одежду на AI-модель","как перенести одежду на ai-модель","/ru/blog/topic-012","blog","marketplace sellers; instagram shops; small ecommerce teams","Shopify; Instagram Shop","clothing-on-model","index_when_content_ready","draft","Seed topic only; keep draft/noindex until keyword and content validation"
"blog_012","clothing / fashion","P1","how-to","en","How to place clothing on an AI model","how to place clothing on an ai model","/en/blog/topic-012","blog","marketplace sellers; instagram shops; small ecommerce teams","Shopify; Instagram Shop","clothing-on-model","index_when_content_ready","draft","Seed topic only; keep draft/noindex until keyword and content validation"
"blog_013","clothing / fashion","P1","commercial","ru","Фото платья на AI-модели","фото платья на ai-модели","/ru/blog/topic-013","blog","marketplace sellers; instagram shops; small ecommerce teams","Wildberries; Instagram Shop","clothing-on-model","index_when_content_ready","draft","Seed topic only; keep draft/noindex until keyword and content validation"
"blog_013","clothing / fashion","P1","commercial","en","Dress photos on an AI model","dress photos on an ai model","/en/blog/topic-013","blog","marketplace sellers; instagram shops; small ecommerce teams","Wildberries; Instagram Shop","clothing-on-model","index_when_content_ready","draft","Seed topic only; keep draft/noindex until keyword and content validation"
"blog_014","clothing / fashion","P1","commercial","ru","Фото футболки на AI-модели","фото футболки на ai-модели","/ru/blog/topic-014","blog","marketplace sellers; instagram shops; small ecommerce teams","Wildberries; Shopify","clothing-on-model","index_when_content_ready","draft","Seed topic only; keep draft/noindex until keyword and content validation"
"blog_014","clothing / fashion","P1","commercial","en","T-shirt photos on an AI model","t-shirt photos on an ai model","/en/blog/topic-014","blog","marketplace sellers; instagram shops; small ecommerce teams","Wildberries; Shopify","clothing-on-model","index_when_content_ready","draft","Seed topic only; keep draft/noindex until keyword and content validation"
"blog_015","clothing / fashion","P1","commercial","ru","Фото костюма на AI-модели","фото костюма на ai-модели","/ru/blog/topic-015","blog","marketplace sellers; instagram shops; small ecommerce teams","Shopify; Ozon","clothing-on-model","index_when_content_ready","draft","Seed topic only; keep draft/noindex until keyword and content validation"
"blog_015","clothing / fashion","P1","commercial","en","Suit photos on an AI model","suit photos on an ai model","/en/blog/topic-015","blog","marketplace sellers; instagram shops; small ecommerce teams","Shopify; Ozon","clothing-on-model","index_when_content_ready","draft","Seed topic only; keep draft/noindex until keyword and content validation"
"blog_016","clothing / fashion","P0","commercial","ru","Фото белья на AI-модели","фото белья на ai-модели","/ru/blog/topic-016","landing/use-case page","marketplace sellers; instagram shops; small ecommerce teams","Wildberries; Ozon; Shopify","lingerie-on-ai-model","index","published","Published with article content in data/seo/blogArticles.ts"
"blog_016","clothing / fashion","P0","commercial","en","Lingerie photos on an AI model","lingerie photos on an ai model","/en/blog/topic-016","landing/use-case page","marketplace sellers; instagram shops; small ecommerce teams","Wildberries; Ozon; Shopify","lingerie-on-ai-model","index","published","Published with article content in data/seo/blogArticles.ts"
"blog_017","clothing / fashion","P1","commercial","ru","Фото plus-size модели для одежды","фото plus-size модели для одежды","/ru/blog/topic-017","blog","marketplace sellers; instagram shops; small ecommerce teams","Shopify; Instagram Shop","plus-size-model-photos","index_when_content_ready","draft","Seed topic only; keep draft/noindex until keyword and content validation"
"blog_017","clothing / fashion","P1","commercial","en","Plus-size model photos for clothing","plus-size model photos for clothing","/en/blog/topic-017","blog","marketplace sellers; instagram shops; small ecommerce teams","Shopify; Instagram Shop","plus-size-model-photos","index_when_content_ready","draft","Seed topic only; keep draft/noindex until keyword and content validation"
"blog_018","clothing / fashion","P1","how-to","ru","Как выбрать позу AI-модели","как выбрать позу ai-модели","/ru/blog/topic-018","blog","marketplace sellers; instagram shops; small ecommerce teams","Shopify","clothing-on-model","index_when_content_ready","draft","Seed topic only; keep draft/noindex until keyword and content validation"
"blog_018","clothing / fashion","P1","how-to","en","How to choose an AI model pose","how to choose an ai model pose","/en/blog/topic-018","blog","marketplace sellers; instagram shops; small ecommerce teams","Shopify","clothing-on-model","index_when_content_ready","draft","Seed topic only; keep draft/noindex until keyword and content validation"
"blog_019","clothing / fashion","P1","how-to","ru","Как сделать каталог одежды без фотосессии","как сделать каталог одежды без фотосессии","/ru/blog/topic-019","blog","marketplace sellers; instagram shops; small ecommerce teams","Shopify; Wildberries","ecommerce-catalog-photos; clothing-on-model","index_when_content_ready","draft","Seed topic only; keep draft/noindex until keyword and content validation"
"blog_019","clothing / fashion","P1","how-to","en","How to create a clothing catalog without a photoshoot","how to create a clothing catalog without a photoshoot","/en/blog/topic-019","blog","marketplace sellers; instagram shops; small ecommerce teams","Shopify; Wildberries","ecommerce-catalog-photos; clothing-on-model","index_when_content_ready","draft","Seed topic only; keep draft/noindex until keyword and content validation"
"blog_020","clothing / fashion","P1","how-to","ru","Как подготовить фото одежды для AI-примерки","как подготовить фото одежды для ai-примерки","/ru/blog/topic-020","blog","marketplace sellers; instagram shops; small ecommerce teams","Shopify; Ozon","clothing-on-model","index_when_content_ready","draft","Seed topic only; keep draft/noindex until keyword and content validation"
"blog_020","clothing / fashion","P1","how-to","en","How to prepare clothing photos for AI try-on","how to prepare clothing photos for ai try-on","/en/blog/topic-020","blog","marketplace sellers; instagram shops; small ecommerce teams","Shopify; Ozon","clothing-on-model","index_when_content_ready","draft","Seed topic only; keep draft/noindex until keyword and content validation"
"blog_021","accessories / jewelry","P0","how-to","ru","Как сделать фото бижутерии для маркетплейса","как сделать фото бижутерии для маркетплейса","/ru/blog/topic-021","blog","marketplace sellers; instagram shops; small ecommerce teams","Kaspi; Etsy; eBay","jewelry-product-photos","index","published","Published with article content in data/seo/blogArticles.ts"
"blog_021","accessories / jewelry","P0","how-to","en","How to create jewelry product photos for a marketplace","how to create jewelry product photos for a marketplace","/en/blog/topic-021","blog","marketplace sellers; instagram shops; small ecommerce teams","Kaspi; Etsy; eBay","jewelry-product-photos","index","published","Published with article content in data/seo/blogArticles.ts"
"blog_022","accessories / jewelry","P1","how-to","ru","Как сфотографировать серьги для карточки товара","как сфотографировать серьги для карточки товара","/ru/blog/topic-022","blog","marketplace sellers; instagram shops; small ecommerce teams","Etsy; Kaspi","jewelry-product-photos","index_when_content_ready","draft","Seed topic only; keep draft/noindex until keyword and content validation"
"blog_022","accessories / jewelry","P1","how-to","en","How to photograph earrings for a product card","how to photograph earrings for a product card","/en/blog/topic-022","blog","marketplace sellers; instagram shops; small ecommerce teams","Etsy; Kaspi","jewelry-product-photos","index_when_content_ready","draft","Seed topic only; keep draft/noindex until keyword and content validation"
"blog_023","accessories / jewelry","P1","how-to","ru","Как сделать фото кольца на белом фоне","как сделать фото кольца на белом фоне","/ru/blog/topic-023","blog","marketplace sellers; instagram shops; small ecommerce teams","Etsy; eBay","jewelry-product-photos; marketplace-white-background","index_when_content_ready","draft","Seed topic only; keep draft/noindex until keyword and content validation"
"blog_023","accessories / jewelry","P1","how-to","en","How to make ring photos on a white background","how to make ring photos on a white background","/en/blog/topic-023","blog","marketplace sellers; instagram shops; small ecommerce teams","Etsy; eBay","jewelry-product-photos; marketplace-white-background","index_when_content_ready","draft","Seed topic only; keep draft/noindex until keyword and content validation"
"blog_024","accessories / jewelry","P1","how-to","ru","Как сделать фото браслета для каталога","как сделать фото браслета для каталога","/ru/blog/topic-024","blog","marketplace sellers; instagram shops; small ecommerce teams","Etsy; Shopify","jewelry-product-photos","index_when_content_ready","draft","Seed topic only; keep draft/noindex until keyword and content validation"
"blog_024","accessories / jewelry","P1","how-to","en","How to make bracelet photos for a catalog","how to make bracelet photos for a catalog","/en/blog/topic-024","blog","marketplace sellers; instagram shops; small ecommerce teams","Etsy; Shopify","jewelry-product-photos","index_when_content_ready","draft","Seed topic only; keep draft/noindex until keyword and content validation"
"blog_025","accessories / jewelry","P1","how-to","ru","Как убрать лишний фон у аксессуаров","как убрать лишний фон у аксессуаров","/ru/blog/topic-025","blog","marketplace sellers; instagram shops; small ecommerce teams","Etsy; Instagram Shop","product-photo-cleanup","index_when_content_ready","draft","Seed topic only; keep draft/noindex until keyword and content validation"
"blog_025","accessories / jewelry","P1","how-to","en","How to remove distracting backgrounds from accessories","how to remove distracting backgrounds from accessories","/en/blog/topic-025","blog","marketplace sellers; instagram shops; small ecommerce teams","Etsy; Instagram Shop","product-photo-cleanup","index_when_content_ready","draft","Seed topic only; keep draft/noindex until keyword and content validation"
"blog_026","accessories / jewelry","P1","informational","ru","Почему AI меняет украшения и как это контролировать","почему ai меняет украшения и как это контролировать","/ru/blog/topic-026","blog","marketplace sellers; instagram shops; small ecommerce teams","Etsy; eBay","jewelry-product-photos","index_when_content_ready","draft","Seed topic only; keep draft/noindex until keyword and content validation"
"blog_026","accessories / jewelry","P1","informational","en","Why AI changes jewelry and how to control it","why ai changes jewelry and how to control it","/en/blog/topic-026","blog","marketplace sellers; instagram shops; small ecommerce teams","Etsy; eBay","jewelry-product-photos","index_when_content_ready","draft","Seed topic only; keep draft/noindex until keyword and content validation"
"blog_027","accessories / jewelry","P1","how-to","ru","Как сделать точную карточку товара для бижутерии","как сделать точную карточку товара для бижутерии","/ru/blog/topic-027","blog","marketplace sellers; instagram shops; small ecommerce teams","Kaspi; Etsy","exact-product-card; jewelry-product-photos","index_when_content_ready","draft","Seed topic only; keep draft/noindex until keyword and content validation"
"blog_027","accessories / jewelry","P1","how-to","en","How to make an exact product card for jewelry","how to make an exact product card for jewelry","/en/blog/topic-027","blog","marketplace sellers; instagram shops; small ecommerce teams","Kaspi; Etsy","exact-product-card; jewelry-product-photos","index_when_content_ready","draft","Seed topic only; keep draft/noindex until keyword and content validation"
"blog_028","accessories / jewelry","P1","how-to","ru","Как сделать lifestyle-фото украшений","как сделать lifestyle-фото украшений","/ru/blog/topic-028","blog","marketplace sellers; instagram shops; small ecommerce teams","Etsy; Instagram Shop","creative-product-scene; jewelry-product-photos","index_when_content_ready","draft","Seed topic only; keep draft/noindex until keyword and content validation"
"blog_028","accessories / jewelry","P1","how-to","en","How to create lifestyle jewelry photos","how to create lifestyle jewelry photos","/en/blog/topic-028","blog","marketplace sellers; instagram shops; small ecommerce teams","Etsy; Instagram Shop","creative-product-scene; jewelry-product-photos","index_when_content_ready","draft","Seed topic only; keep draft/noindex until keyword and content validation"
"blog_029","accessories / jewelry","P0","how-to","ru","Как подготовить фото сумки для маркетплейса","как подготовить фото сумки для маркетплейса","/ru/blog/topic-029","blog","marketplace sellers; instagram shops; small ecommerce teams","Kaspi; Ozon","bags-product-photos","index_when_content_ready","draft","Seed topic only; keep draft/noindex until keyword and content validation"
"blog_029","accessories / jewelry","P0","how-to","en","How to prepare bag photos for a marketplace","how to prepare bag photos for a marketplace","/en/blog/topic-029","blog","marketplace sellers; instagram shops; small ecommerce teams","Kaspi; Ozon","bags-product-photos","index_when_content_ready","draft","Seed topic only; keep draft/noindex until keyword and content validation"
"blog_030","accessories / jewelry","P0","how-to","ru","Как сделать фото обуви для карточки товара","как сделать фото обуви для карточки товара","/ru/blog/topic-030","blog","marketplace sellers; instagram shops; small ecommerce teams","Kaspi; Wildberries; Amazon","shoes-product-photos","index_when_content_ready","draft","Seed topic only; keep draft/noindex until keyword and content validation"
"blog_030","accessories / jewelry","P0","how-to","en","How to create shoe photos for a product card","how to create shoe photos for a product card","/en/blog/topic-030","blog","marketplace sellers; instagram shops; small ecommerce teams","Kaspi; Wildberries; Amazon","shoes-product-photos","index_when_content_ready","draft","Seed topic only; keep draft/noindex until keyword and content validation"
"blog_031","marketplaces","P0","platform","ru","Фото товаров для Kaspi","фото товаров для kaspi","/ru/blog/topic-031","platform page","marketplace sellers; instagram shops; small ecommerce teams","Kaspi","exact-product-card","index","published","Published with article content in data/seo/blogArticles.ts"
"blog_031","marketplaces","P0","platform","en","Product photos for Kaspi","product photos for kaspi","/en/blog/topic-031","platform page","marketplace sellers; instagram shops; small ecommerce teams","Kaspi","exact-product-card","index","published","Published with article content in data/seo/blogArticles.ts"
"blog_032","marketplaces","P0","platform","ru","Фото товаров для Wildberries","фото товаров для wildberries","/ru/blog/topic-032","platform page","marketplace sellers; instagram shops; small ecommerce teams","Wildberries","clothing-on-model; marketplace-white-background","index_when_content_ready","draft","Seed topic only; keep draft/noindex until keyword and content validation"
"blog_032","marketplaces","P0","platform","en","Product photos for Wildberries","product photos for wildberries","/en/blog/topic-032","platform page","marketplace sellers; instagram shops; small ecommerce teams","Wildberries","clothing-on-model; marketplace-white-background","index_when_content_ready","draft","Seed topic only; keep draft/noindex until keyword and content validation"
"blog_033","marketplaces","P0","platform","ru","Фото товаров для Ozon","фото товаров для ozon","/ru/blog/topic-033","platform page","marketplace sellers; instagram shops; small ecommerce teams","Ozon","exact-product-card; product-video-from-photo","index_when_content_ready","draft","Seed topic only; keep draft/noindex until keyword and content validation"
"blog_033","marketplaces","P0","platform","en","Product photos for Ozon","product photos for ozon","/en/blog/topic-033","platform page","marketplace sellers; instagram shops; small ecommerce teams","Ozon","exact-product-card; product-video-from-photo","index_when_content_ready","draft","Seed topic only; keep draft/noindex until keyword and content validation"
"blog_034","marketplaces","P0","platform","ru","Фото товаров для eBay","фото товаров для ebay","/ru/blog/topic-034","platform page","marketplace sellers; instagram shops; small ecommerce teams","eBay","marketplace-white-background","index_when_content_ready","draft","Seed topic only; keep draft/noindex until keyword and content validation"
"blog_034","marketplaces","P0","platform","en","Product photos for eBay","product photos for ebay","/en/blog/topic-034","platform page","marketplace sellers; instagram shops; small ecommerce teams","eBay","marketplace-white-background","index_when_content_ready","draft","Seed topic only; keep draft/noindex until keyword and content validation"
"blog_035","marketplaces","P0","platform","ru","Фото товаров для Amazon","фото товаров для amazon","/ru/blog/topic-035","platform page","marketplace sellers; instagram shops; small ecommerce teams","Amazon","marketplace-white-background","index_when_content_ready","draft","Seed topic only; keep draft/noindex until keyword and content validation"
"blog_035","marketplaces","P0","platform","en","Product photos for Amazon","product photos for amazon","/en/blog/topic-035","platform page","marketplace sellers; instagram shops; small ecommerce teams","Amazon","marketplace-white-background","index_when_content_ready","draft","Seed topic only; keep draft/noindex until keyword and content validation"
"blog_036","marketplaces","P0","platform","ru","Фото товаров для Etsy","фото товаров для etsy","/ru/blog/topic-036","platform page","marketplace sellers; instagram shops; small ecommerce teams","Etsy","jewelry-product-photos","index_when_content_ready","draft","Seed topic only; keep draft/noindex until keyword and content validation"
"blog_036","marketplaces","P0","platform","en","Product photos for Etsy","product photos for etsy","/en/blog/topic-036","platform page","marketplace sellers; instagram shops; small ecommerce teams","Etsy","jewelry-product-photos","index_when_content_ready","draft","Seed topic only; keep draft/noindex until keyword and content validation"
"blog_037","marketplaces","P1","platform","ru","Фото товаров для Shopify","фото товаров для shopify","/ru/blog/topic-037","platform page","marketplace sellers; instagram shops; small ecommerce teams","Shopify","ecommerce-catalog-photos","index_when_content_ready","draft","Seed topic only; keep draft/noindex until keyword and content validation"
"blog_037","marketplaces","P1","platform","en","Product photos for Shopify","product photos for shopify","/en/blog/topic-037","platform page","marketplace sellers; instagram shops; small ecommerce teams","Shopify","ecommerce-catalog-photos","index_when_content_ready","draft","Seed topic only; keep draft/noindex until keyword and content validation"
"blog_038","marketplaces","P1","platform","ru","Фото товаров для Instagram Shop","фото товаров для instagram shop","/ru/blog/topic-038","platform page","marketplace sellers; instagram shops; small ecommerce teams","Instagram Shop","instagram-product-photos","index_when_content_ready","draft","Seed topic only; keep draft/noindex until keyword and content validation"
"blog_038","marketplaces","P1","platform","en","Product photos for Instagram Shop","product photos for instagram shop","/en/blog/topic-038","platform page","marketplace sellers; instagram shops; small ecommerce teams","Instagram Shop","instagram-product-photos","index_when_content_ready","draft","Seed topic only; keep draft/noindex until keyword and content validation"
"blog_039","marketplaces","P1","platform","ru","Фото товаров для TikTok Shop","фото товаров для tiktok shop","/ru/blog/topic-039","platform page","marketplace sellers; instagram shops; small ecommerce teams","TikTok Shop","reels-from-product-image","index_when_content_ready","draft","Seed topic only; keep draft/noindex until keyword and content validation"
"blog_039","marketplaces","P1","platform","en","Product photos for TikTok Shop","product photos for tiktok shop","/en/blog/topic-039","platform page","marketplace sellers; instagram shops; small ecommerce teams","TikTok Shop","reels-from-product-image","index_when_content_ready","draft","Seed topic only; keep draft/noindex until keyword and content validation"
"blog_040","marketplaces","P1","platform","ru","Фото товаров для Facebook Marketplace","фото товаров для facebook marketplace","/ru/blog/topic-040","platform page","marketplace sellers; instagram shops; small ecommerce teams","Facebook Marketplace","small-business-product-photos","index_when_content_ready","draft","Seed topic only; keep draft/noindex until keyword and content validation"
"blog_040","marketplaces","P1","platform","en","Product photos for Facebook Marketplace","product photos for facebook marketplace","/en/blog/topic-040","platform page","marketplace sellers; instagram shops; small ecommerce teams","Facebook Marketplace","small-business-product-photos","index_when_content_ready","draft","Seed topic only; keep draft/noindex until keyword and content validation"
"blog_041","marketplaces","P1","platform","ru","Фото товаров для OLX","фото товаров для olx","/ru/blog/topic-041","platform page","marketplace sellers; instagram shops; small ecommerce teams","OLX","small-business-product-photos","index_when_content_ready","draft","Seed topic only; keep draft/noindex until keyword and content validation"
"blog_041","marketplaces","P1","platform","en","Product photos for OLX","product photos for olx","/en/blog/topic-041","platform page","marketplace sellers; instagram shops; small ecommerce teams","OLX","small-business-product-photos","index_when_content_ready","draft","Seed topic only; keep draft/noindex until keyword and content validation"
"blog_042","marketplaces","P1","platform","ru","Фото товаров для AliExpress","фото товаров для aliexpress","/ru/blog/topic-042","platform page","marketplace sellers; instagram shops; small ecommerce teams","AliExpress","supplier-catalog-photos","index_when_content_ready","draft","Seed topic only; keep draft/noindex until keyword and content validation"
"blog_042","marketplaces","P1","platform","en","Product photos for AliExpress","product photos for aliexpress","/en/blog/topic-042","platform page","marketplace sellers; instagram shops; small ecommerce teams","AliExpress","supplier-catalog-photos","index_when_content_ready","draft","Seed topic only; keep draft/noindex until keyword and content validation"
"blog_043","marketplaces","P1","platform","ru","Фото товаров для Temu","фото товаров для temu","/ru/blog/topic-043","platform page","marketplace sellers; instagram shops; small ecommerce teams","Temu","supplier-catalog-photos","index_when_content_ready","draft","Seed topic only; keep draft/noindex until keyword and content validation"
"blog_043","marketplaces","P1","platform","en","Product photos for Temu","product photos for temu","/en/blog/topic-043","platform page","marketplace sellers; instagram shops; small ecommerce teams","Temu","supplier-catalog-photos","index_when_content_ready","draft","Seed topic only; keep draft/noindex until keyword and content validation"
"blog_044","formats and social","P1","how-to","ru","Формат 1:1 для карточки товара","формат 1:1 для карточки товара","/ru/blog/topic-044","blog","marketplace sellers; instagram shops; small ecommerce teams","Kaspi; Amazon","exact-product-card","index_when_content_ready","draft","Seed topic only; keep draft/noindex until keyword and content validation"
"blog_044","formats and social","P1","how-to","en","1:1 format for product cards","1:1 format for product cards","/en/blog/topic-044","blog","marketplace sellers; instagram shops; small ecommerce teams","Kaspi; Amazon","exact-product-card","index_when_content_ready","draft","Seed topic only; keep draft/noindex until keyword and content validation"
"blog_045","formats and social","P1","how-to","ru","Формат 4:5 для маркетплейса","формат 4:5 для маркетплейса","/ru/blog/topic-045","blog","marketplace sellers; instagram shops; small ecommerce teams","Wildberries; Ozon","exact-product-card","index_when_content_ready","draft","Seed topic only; keep draft/noindex until keyword and content validation"
"blog_045","formats and social","P1","how-to","en","4:5 format for marketplaces","4:5 format for marketplaces","/en/blog/topic-045","blog","marketplace sellers; instagram shops; small ecommerce teams","Wildberries; Ozon","exact-product-card","index_when_content_ready","draft","Seed topic only; keep draft/noindex until keyword and content validation"
"blog_046","formats and social","P1","how-to","ru","Формат 9:16 для Reels и Stories","формат 9:16 для reels и stories","/ru/blog/topic-046","blog","marketplace sellers; instagram shops; small ecommerce teams","Instagram Shop; TikTok Shop","reels-from-product-image","index_when_content_ready","draft","Seed topic only; keep draft/noindex until keyword and content validation"
"blog_046","formats and social","P1","how-to","en","9:16 format for Reels and Stories","9:16 format for reels and stories","/en/blog/topic-046","blog","marketplace sellers; instagram shops; small ecommerce teams","Instagram Shop; TikTok Shop","reels-from-product-image","index_when_content_ready","draft","Seed topic only; keep draft/noindex until keyword and content validation"
"blog_047","formats and social","P0","how-to","ru","Как сделать Reels из фото товара","как сделать reels из фото товара","/ru/blog/topic-047","blog","marketplace sellers; instagram shops; small ecommerce teams","Instagram Shop","reels-from-product-image","index_when_content_ready","draft","Seed topic only; keep draft/noindex until keyword and content validation"
"blog_047","formats and social","P0","how-to","en","How to make Reels from a product photo","how to make reels from a product photo","/en/blog/topic-047","blog","marketplace sellers; instagram shops; small ecommerce teams","Instagram Shop","reels-from-product-image","index_when_content_ready","draft","Seed topic only; keep draft/noindex until keyword and content validation"
"blog_048","formats and social","P0","how-to","ru","Как сделать видео товара из фотографии","как сделать видео товара из фотографии","/ru/blog/topic-048","blog","marketplace sellers; instagram shops; small ecommerce teams","Ozon; Shopify; TikTok Shop","product-video-from-photo","index_when_content_ready","draft","Seed topic only; keep draft/noindex until keyword and content validation"
"blog_048","formats and social","P0","how-to","en","How to create a product video from a photo","how to create a product video from a photo","/en/blog/topic-048","blog","marketplace sellers; instagram shops; small ecommerce teams","Ozon; Shopify; TikTok Shop","product-video-from-photo","index_when_content_ready","draft","Seed topic only; keep draft/noindex until keyword and content validation"
"blog_049","formats and social","P1","how-to","ru","Как подготовить фото для Instagram","как подготовить фото для instagram","/ru/blog/topic-049","blog","marketplace sellers; instagram shops; small ecommerce teams","Instagram Shop","instagram-product-photos","index_when_content_ready","draft","Seed topic only; keep draft/noindex until keyword and content validation"
"blog_049","formats and social","P1","how-to","en","How to prepare product photos for Instagram","how to prepare product photos for instagram","/en/blog/topic-049","blog","marketplace sellers; instagram shops; small ecommerce teams","Instagram Shop","instagram-product-photos","index_when_content_ready","draft","Seed topic only; keep draft/noindex until keyword and content validation"
"blog_050","formats and social","P1","how-to","ru","Как сделать баннер товара для рекламы","как сделать баннер товара для рекламы","/ru/blog/topic-050","blog","marketplace sellers; instagram shops; small ecommerce teams","Shopify; Instagram Shop","creative-product-scene","index_when_content_ready","draft","Seed topic only; keep draft/noindex until keyword and content validation"
"blog_050","formats and social","P1","how-to","en","How to make a product banner for ads","how to make a product banner for ads","/en/blog/topic-050","blog","marketplace sellers; instagram shops; small ecommerce teams","Shopify; Instagram Shop","creative-product-scene","index_when_content_ready","draft","Seed topic only; keep draft/noindex until keyword and content validation"
"blog_051","formats and social","P1","how-to","ru","Как адаптировать фото товара под разные площадки","как адаптировать фото товара под разные площадки","/ru/blog/topic-051","blog","marketplace sellers; instagram shops; small ecommerce teams","Kaspi; Amazon; Etsy","ecommerce-catalog-photos","index_when_content_ready","draft","Seed topic only; keep draft/noindex until keyword and content validation"
"blog_051","formats and social","P1","how-to","en","How to adapt product photos for different platforms","how to adapt product photos for different platforms","/en/blog/topic-051","blog","marketplace sellers; instagram shops; small ecommerce teams","Kaspi; Amazon; Etsy","ecommerce-catalog-photos","index_when_content_ready","draft","Seed topic only; keep draft/noindex until keyword and content validation"
"blog_052","formats and social","P1","how-to","ru","Как сделать вертикальное фото товара","как сделать вертикальное фото товара","/ru/blog/topic-052","blog","marketplace sellers; instagram shops; small ecommerce teams","Instagram Shop; TikTok Shop","instagram-product-photos","index_when_content_ready","draft","Seed topic only; keep draft/noindex until keyword and content validation"
"blog_052","formats and social","P1","how-to","en","How to make a vertical product photo","how to make a vertical product photo","/en/blog/topic-052","blog","marketplace sellers; instagram shops; small ecommerce teams","Instagram Shop; TikTok Shop","instagram-product-photos","index_when_content_ready","draft","Seed topic only; keep draft/noindex until keyword and content validation"
"blog_053","formats and social","P1","how-to","ru","Как сделать горизонтальное фото товара","как сделать горизонтальное фото товара","/ru/blog/topic-053","blog","marketplace sellers; instagram shops; small ecommerce teams","Shopify","ecommerce-catalog-photos","index_when_content_ready","draft","Seed topic only; keep draft/noindex until keyword and content validation"
"blog_053","formats and social","P1","how-to","en","How to make a horizontal product photo","how to make a horizontal product photo","/en/blog/topic-053","blog","marketplace sellers; instagram shops; small ecommerce teams","Shopify","ecommerce-catalog-photos","index_when_content_ready","draft","Seed topic only; keep draft/noindex until keyword and content validation"
"blog_054","workflow / SaaS / business","P1","how-to","ru","Как продавцу быстро подготовить каталог товаров","как продавцу быстро подготовить каталог товаров","/ru/blog/topic-054","blog","marketplace sellers; instagram shops; small ecommerce teams","Shopify; Kaspi","ecommerce-catalog-photos","index_when_content_ready","draft","Seed topic only; keep draft/noindex until keyword and content validation"
"blog_054","workflow / SaaS / business","P1","how-to","en","How sellers can prepare a product catalog quickly","how sellers can prepare a product catalog quickly","/en/blog/topic-054","blog","marketplace sellers; instagram shops; small ecommerce teams","Shopify; Kaspi","ecommerce-catalog-photos","index_when_content_ready","draft","Seed topic only; keep draft/noindex until keyword and content validation"
"blog_055","workflow / SaaS / business","P1","how-to","ru","Как менеджеру маркетплейса ускорить контент","как менеджеру маркетплейса ускорить контент","/ru/blog/topic-055","blog","marketplace sellers; instagram shops; small ecommerce teams","Kaspi; Wildberries; Ozon","marketplace-content-manager-workflow","index_when_content_ready","draft","Seed topic only; keep draft/noindex until keyword and content validation"
"blog_055","workflow / SaaS / business","P1","how-to","en","How marketplace managers can speed up content","how marketplace managers can speed up content","/en/blog/topic-055","blog","marketplace sellers; instagram shops; small ecommerce teams","Kaspi; Wildberries; Ozon","marketplace-content-manager-workflow","index_when_content_ready","draft","Seed topic only; keep draft/noindex until keyword and content validation"
"blog_056","workflow / SaaS / business","P1","how-to","ru","Как шоуруму сделать фото товаров без фотографа","как шоуруму сделать фото товаров без фотографа","/ru/blog/topic-056","blog","marketplace sellers; instagram shops; small ecommerce teams","Instagram Shop; Shopify","showroom-product-photos","index_when_content_ready","draft","Seed topic only; keep draft/noindex until keyword and content validation"
"blog_056","workflow / SaaS / business","P1","how-to","en","How a showroom can create product photos without a photographer","how a showroom can create product photos without a photographer","/en/blog/topic-056","blog","marketplace sellers; instagram shops; small ecommerce teams","Instagram Shop; Shopify","showroom-product-photos","index_when_content_ready","draft","Seed topic only; keep draft/noindex until keyword and content validation"
"blog_057","workflow / SaaS / business","P1","how-to","ru","Как поставщику подготовить каталог для клиентов","как поставщику подготовить каталог для клиентов","/ru/blog/topic-057","blog","marketplace sellers; instagram shops; small ecommerce teams","AliExpress; Temu","supplier-catalog-photos","index_when_content_ready","draft","Seed topic only; keep draft/noindex until keyword and content validation"
"blog_057","workflow / SaaS / business","P1","how-to","en","How suppliers can prepare a catalog for clients","how suppliers can prepare a catalog for clients","/en/blog/topic-057","blog","marketplace sellers; instagram shops; small ecommerce teams","AliExpress; Temu","supplier-catalog-photos","index_when_content_ready","draft","Seed topic only; keep draft/noindex until keyword and content validation"
"blog_058","workflow / SaaS / business","P1","how-to","ru","Как малому бизнесу сделать карточки товаров","как малому бизнесу сделать карточки товаров","/ru/blog/topic-058","blog","marketplace sellers; instagram shops; small ecommerce teams","OLX; Facebook Marketplace","small-business-product-photos","index_when_content_ready","draft","Seed topic only; keep draft/noindex until keyword and content validation"
"blog_058","workflow / SaaS / business","P1","how-to","en","How small businesses can create product cards","how small businesses can create product cards","/en/blog/topic-058","blog","marketplace sellers; instagram shops; small ecommerce teams","OLX; Facebook Marketplace","small-business-product-photos","index_when_content_ready","draft","Seed topic only; keep draft/noindex until keyword and content validation"
"blog_059","workflow / SaaS / business","P1","informational","ru","Как сэкономить на товарной фотосъёмке","как сэкономить на товарной фотосъёмке","/ru/blog/topic-059","blog","marketplace sellers; instagram shops; small ecommerce teams","Shopify","ecommerce-catalog-photos","index_when_content_ready","draft","Seed topic only; keep draft/noindex until keyword and content validation"
"blog_059","workflow / SaaS / business","P1","informational","en","How to reduce product photoshoot costs","how to reduce product photoshoot costs","/en/blog/topic-059","blog","marketplace sellers; instagram shops; small ecommerce teams","Shopify","ecommerce-catalog-photos","index_when_content_ready","draft","Seed topic only; keep draft/noindex until keyword and content validation"
"blog_060","workflow / SaaS / business","P1","comparison","ru","Когда AI-фото лучше фотосессии","когда ai-фото лучше фотосессии","/ru/blog/topic-060","comparison page","marketplace sellers; instagram shops; small ecommerce teams","Shopify","ecommerce-catalog-photos","index_when_content_ready","draft","Seed topic only; keep draft/noindex until keyword and content validation"
"blog_060","workflow / SaaS / business","P1","comparison","en","When AI product photos are better than a photoshoot","when ai product photos are better than a photoshoot","/en/blog/topic-060","comparison page","marketplace sellers; instagram shops; small ecommerce teams","Shopify","ecommerce-catalog-photos","index_when_content_ready","draft","Seed topic only; keep draft/noindex until keyword and content validation"
"blog_061","workflow / SaaS / business","P1","comparison","ru","Когда AI-фото не подходит","когда ai-фото не подходит","/ru/blog/topic-061","comparison page","marketplace sellers; instagram shops; small ecommerce teams","Amazon; Kaspi","exact-product-card","index_when_content_ready","draft","Seed topic only; keep draft/noindex until keyword and content validation"
"blog_061","workflow / SaaS / business","P1","comparison","en","When AI product photos are not a fit","when ai product photos are not a fit","/en/blog/topic-061","comparison page","marketplace sellers; instagram shops; small ecommerce teams","Amazon; Kaspi","exact-product-card","index_when_content_ready","draft","Seed topic only; keep draft/noindex until keyword and content validation"
"blog_062","workflow / SaaS / business","P1","how-to","ru","Как организовать workflow товарного контента","как организовать workflow товарного контента","/ru/blog/topic-062","blog","marketplace sellers; instagram shops; small ecommerce teams","Kaspi; Shopify","marketplace-content-manager-workflow","index_when_content_ready","draft","Seed topic only; keep draft/noindex until keyword and content validation"
"blog_062","workflow / SaaS / business","P1","how-to","en","How to organize a product content workflow","how to organize a product content workflow","/en/blog/topic-062","blog","marketplace sellers; instagram shops; small ecommerce teams","Kaspi; Shopify","marketplace-content-manager-workflow","index_when_content_ready","draft","Seed topic only; keep draft/noindex until keyword and content validation"
"blog_063","workflow / SaaS / business","P1","how-to","ru","Как проверять качество AI-карточек","как проверять качество ai-карточек","/ru/blog/topic-063","blog","marketplace sellers; instagram shops; small ecommerce teams","Kaspi; Amazon","exact-product-card","index_when_content_ready","draft","Seed topic only; keep draft/noindex until keyword and content validation"
"blog_063","workflow / SaaS / business","P1","how-to","en","How to check the quality of AI product cards","how to check the quality of ai product cards","/en/blog/topic-063","blog","marketplace sellers; instagram shops; small ecommerce teams","Kaspi; Amazon","exact-product-card","index_when_content_ready","draft","Seed topic only; keep draft/noindex until keyword and content validation"
"blog_064","background / cleanup","P2","how-to","ru","Как удалить фон с фото товара","как удалить фон с фото товара","/ru/blog/topic-064","blog","marketplace sellers; instagram shops; small ecommerce teams","Amazon; eBay","product-photo-cleanup","index_when_content_ready","draft","Seed topic only; keep draft/noindex until keyword and content validation"
"blog_064","background / cleanup","P2","how-to","en","How to remove the background from a product photo","how to remove the background from a product photo","/en/blog/topic-064","blog","marketplace sellers; instagram shops; small ecommerce teams","Amazon; eBay","product-photo-cleanup","index_when_content_ready","draft","Seed topic only; keep draft/noindex until keyword and content validation"
"blog_065","background / cleanup","P0","how-to","ru","Как заменить фон у товара","как заменить фон у товара","/ru/blog/topic-065","blog","marketplace sellers; instagram shops; small ecommerce teams","Shopify; Instagram Shop","ai-background-replacement","index_when_content_ready","draft","Seed topic only; keep draft/noindex until keyword and content validation"
"blog_065","background / cleanup","P0","how-to","en","How to replace a product background","how to replace a product background","/en/blog/topic-065","blog","marketplace sellers; instagram shops; small ecommerce teams","Shopify; Instagram Shop","ai-background-replacement","index_when_content_ready","draft","Seed topic only; keep draft/noindex until keyword and content validation"
"blog_066","background / cleanup","P2","comparison","ru","Белый фон или lifestyle-сцена: что выбрать","белый фон или lifestyle-сцена: что выбрать","/ru/blog/topic-066","comparison page","marketplace sellers; instagram shops; small ecommerce teams","Amazon; Etsy","marketplace-white-background; creative-product-scene","index_when_content_ready","draft","Seed topic only; keep draft/noindex until keyword and content validation"
"blog_066","background / cleanup","P2","comparison","en","White background or lifestyle scene: what to choose","white background or lifestyle scene: what to choose","/en/blog/topic-066","comparison page","marketplace sellers; instagram shops; small ecommerce teams","Amazon; Etsy","marketplace-white-background; creative-product-scene","index_when_content_ready","draft","Seed topic only; keep draft/noindex until keyword and content validation"
"blog_067","background / cleanup","P0","how-to","ru","Как убрать лишние предметы с фото товара","как убрать лишние предметы с фото товара","/ru/blog/topic-067","blog","marketplace sellers; instagram shops; small ecommerce teams","OLX; Kaspi","product-photo-cleanup","index_when_content_ready","draft","Seed topic only; keep draft/noindex until keyword and content validation"
"blog_067","background / cleanup","P0","how-to","en","How to remove unwanted objects from a product photo","how to remove unwanted objects from a product photo","/en/blog/topic-067","blog","marketplace sellers; instagram shops; small ecommerce teams","OLX; Kaspi","product-photo-cleanup","index_when_content_ready","draft","Seed topic only; keep draft/noindex until keyword and content validation"
"blog_068","background / cleanup","P2","how-to","ru","Как выделить товар на фото","как выделить товар на фото","/ru/blog/topic-068","blog","marketplace sellers; instagram shops; small ecommerce teams","eBay; Amazon","product-photo-cleanup","index_when_content_ready","draft","Seed topic only; keep draft/noindex until keyword and content validation"
"blog_068","background / cleanup","P2","how-to","en","How to isolate a product in a photo","how to isolate a product in a photo","/en/blog/topic-068","blog","marketplace sellers; instagram shops; small ecommerce teams","eBay; Amazon","product-photo-cleanup","index_when_content_ready","draft","Seed topic only; keep draft/noindex until keyword and content validation"
"blog_069","background / cleanup","P2","how-to","ru","Как сделать фон для товара на улице","как сделать фон для товара на улице","/ru/blog/topic-069","blog","marketplace sellers; instagram shops; small ecommerce teams","Instagram Shop","creative-product-scene","index_when_content_ready","draft","Seed topic only; keep draft/noindex until keyword and content validation"
"blog_069","background / cleanup","P2","how-to","en","How to create an outdoor background for a product","how to create an outdoor background for a product","/en/blog/topic-069","blog","marketplace sellers; instagram shops; small ecommerce teams","Instagram Shop","creative-product-scene","index_when_content_ready","draft","Seed topic only; keep draft/noindex until keyword and content validation"
"blog_070","background / cleanup","P2","how-to","ru","Как сделать студийный фон для товара","как сделать студийный фон для товара","/ru/blog/topic-070","blog","marketplace sellers; instagram shops; small ecommerce teams","Shopify","ai-background-replacement","index_when_content_ready","draft","Seed topic only; keep draft/noindex until keyword and content validation"
"blog_070","background / cleanup","P2","how-to","en","How to create a studio background for a product","how to create a studio background for a product","/en/blog/topic-070","blog","marketplace sellers; instagram shops; small ecommerce teams","Shopify","ai-background-replacement","index_when_content_ready","draft","Seed topic only; keep draft/noindex until keyword and content validation"
"blog_071","background / cleanup","P2","how-to","ru","Как сделать luxury-фон для товара","как сделать luxury-фон для товара","/ru/blog/topic-071","blog","marketplace sellers; instagram shops; small ecommerce teams","Etsy; Instagram Shop","creative-product-scene","index_when_content_ready","draft","Seed topic only; keep draft/noindex until keyword and content validation"
"blog_071","background / cleanup","P2","how-to","en","How to create a luxury background for a product","how to create a luxury background for a product","/en/blog/topic-071","blog","marketplace sellers; instagram shops; small ecommerce teams","Etsy; Instagram Shop","creative-product-scene","index_when_content_ready","draft","Seed topic only; keep draft/noindex until keyword and content validation"
"blog_072","background / cleanup","P2","how-to","ru","Как не испортить товар при замене фона","как не испортить товар при замене фона","/ru/blog/topic-072","blog","marketplace sellers; instagram shops; small ecommerce teams","Amazon; Kaspi","ai-background-replacement","index_when_content_ready","draft","Seed topic only; keep draft/noindex until keyword and content validation"
"blog_072","background / cleanup","P2","how-to","en","How to avoid damaging product accuracy when changing backgrounds","how to avoid damaging product accuracy when changing backgrounds","/en/blog/topic-072","blog","marketplace sellers; instagram shops; small ecommerce teams","Amazon; Kaspi","ai-background-replacement","index_when_content_ready","draft","Seed topic only; keep draft/noindex until keyword and content validation"
"blog_073","background / cleanup","P2","how-to","ru","Как подготовить фото с плохим фоном","как подготовить фото с плохим фоном","/ru/blog/topic-073","blog","marketplace sellers; instagram shops; small ecommerce teams","OLX; Facebook Marketplace","product-photo-cleanup","index_when_content_ready","draft","Seed topic only; keep draft/noindex until keyword and content validation"
"blog_073","background / cleanup","P2","how-to","en","How to prepare a product photo with a bad background","how to prepare a product photo with a bad background","/en/blog/topic-073","blog","marketplace sellers; instagram shops; small ecommerce teams","OLX; Facebook Marketplace","product-photo-cleanup","index_when_content_ready","draft","Seed topic only; keep draft/noindex until keyword and content validation"
"blog_074","comparison","P0","comparison","ru","AI-фото или фотосессия: что выбрать","ai-фото или фотосессия: что выбрать","/ru/blog/topic-074","comparison page","marketplace sellers; instagram shops; small ecommerce teams","Shopify","ecommerce-catalog-photos","index_when_content_ready","draft","Seed topic only; keep draft/noindex until keyword and content validation"
"blog_074","comparison","P0","comparison","en","AI product photos or a photoshoot: what to choose","ai product photos or a photoshoot: what to choose","/en/blog/topic-074","comparison page","marketplace sellers; instagram shops; small ecommerce teams","Shopify","ecommerce-catalog-photos","index_when_content_ready","draft","Seed topic only; keep draft/noindex until keyword and content validation"
"blog_075","comparison","P2","comparison","ru","Product Shot или одежда на модели","product shot или одежда на модели","/ru/blog/topic-075","comparison page","marketplace sellers; instagram shops; small ecommerce teams","Wildberries; Shopify","exact-product-card; clothing-on-model","index_when_content_ready","draft","Seed topic only; keep draft/noindex until keyword and content validation"
"blog_075","comparison","P2","comparison","en","Product shot or clothing on model","product shot or clothing on model","/en/blog/topic-075","comparison page","marketplace sellers; instagram shops; small ecommerce teams","Wildberries; Shopify","exact-product-card; clothing-on-model","index_when_content_ready","draft","Seed topic only; keep draft/noindex until keyword and content validation"
"blog_076","comparison","P2","comparison","ru","Белый фон или креативная сцена","белый фон или креативная сцена","/ru/blog/topic-076","comparison page","marketplace sellers; instagram shops; small ecommerce teams","Amazon; Etsy","marketplace-white-background; creative-product-scene","index_when_content_ready","draft","Seed topic only; keep draft/noindex until keyword and content validation"
"blog_076","comparison","P2","comparison","en","White background or creative scene","white background or creative scene","/en/blog/topic-076","comparison page","marketplace sellers; instagram shops; small ecommerce teams","Amazon; Etsy","marketplace-white-background; creative-product-scene","index_when_content_ready","draft","Seed topic only; keep draft/noindex until keyword and content validation"
"blog_077","comparison","P2","comparison","ru","AI-модель или реальная модель","ai-модель или реальная модель","/ru/blog/topic-077","comparison page","marketplace sellers; instagram shops; small ecommerce teams","Shopify","clothing-on-model","index_when_content_ready","draft","Seed topic only; keep draft/noindex until keyword and content validation"
"blog_077","comparison","P2","comparison","en","AI model or real model","ai model or real model","/en/blog/topic-077","comparison page","marketplace sellers; instagram shops; small ecommerce teams","Shopify","clothing-on-model","index_when_content_ready","draft","Seed topic only; keep draft/noindex until keyword and content validation"
"blog_078","comparison","P2","comparison","ru","Точная карточка или креативная сцена","точная карточка или креативная сцена","/ru/blog/topic-078","comparison page","marketplace sellers; instagram shops; small ecommerce teams","Kaspi; Instagram Shop","exact-product-card; creative-product-scene","index_when_content_ready","draft","Seed topic only; keep draft/noindex until keyword and content validation"
"blog_078","comparison","P2","comparison","en","Exact product card or creative scene","exact product card or creative scene","/en/blog/topic-078","comparison page","marketplace sellers; instagram shops; small ecommerce teams","Kaspi; Instagram Shop","exact-product-card; creative-product-scene","index_when_content_ready","draft","Seed topic only; keep draft/noindex until keyword and content validation"
"blog_079","comparison","P2","comparison","ru","Фото товара или видео товара","фото товара или видео товара","/ru/blog/topic-079","comparison page","marketplace sellers; instagram shops; small ecommerce teams","Ozon; TikTok Shop","product-video-from-photo","index_when_content_ready","draft","Seed topic only; keep draft/noindex until keyword and content validation"
"blog_079","comparison","P2","comparison","en","Product photo or product video","product photo or product video","/en/blog/topic-079","comparison page","marketplace sellers; instagram shops; small ecommerce teams","Ozon; TikTok Shop","product-video-from-photo","index_when_content_ready","draft","Seed topic only; keep draft/noindex until keyword and content validation"
"blog_080","comparison","P2","comparison","ru","Ручное выделение товара или автоудаление фона","ручное выделение товара или автоудаление фона","/ru/blog/topic-080","comparison page","marketplace sellers; instagram shops; small ecommerce teams","Amazon","product-photo-cleanup","index_when_content_ready","draft","Seed topic only; keep draft/noindex until keyword and content validation"
"blog_080","comparison","P2","comparison","en","Manual product selection or automatic background removal","manual product selection or automatic background removal","/en/blog/topic-080","comparison page","marketplace sellers; instagram shops; small ecommerce teams","Amazon","product-photo-cleanup","index_when_content_ready","draft","Seed topic only; keep draft/noindex until keyword and content validation"
"blog_081","comparison","P2","comparison","ru","Что лучше для маркетплейса: 1:1 или 4:5","что лучше для маркетплейса: 1:1 или 4:5","/ru/blog/topic-081","comparison page","marketplace sellers; instagram shops; small ecommerce teams","Kaspi; Wildberries","exact-product-card","index_when_content_ready","draft","Seed topic only; keep draft/noindex until keyword and content validation"
"blog_081","comparison","P2","comparison","en","What is better for marketplaces: 1:1 or 4:5","what is better for marketplaces: 1:1 or 4:5","/en/blog/topic-081","comparison page","marketplace sellers; instagram shops; small ecommerce teams","Kaspi; Wildberries","exact-product-card","index_when_content_ready","draft","Seed topic only; keep draft/noindex until keyword and content validation"
"blog_082","comparison","P2","comparison","ru","Что лучше для Instagram: фото или Reels","что лучше для instagram: фото или reels","/ru/blog/topic-082","comparison page","marketplace sellers; instagram shops; small ecommerce teams","Instagram Shop","instagram-product-photos; reels-from-product-image","index_when_content_ready","draft","Seed topic only; keep draft/noindex until keyword and content validation"
"blog_082","comparison","P2","comparison","en","What is better for Instagram: photo or Reels","what is better for instagram: photo or reels","/en/blog/topic-082","comparison page","marketplace sellers; instagram shops; small ecommerce teams","Instagram Shop","instagram-product-photos; reels-from-product-image","index_when_content_ready","draft","Seed topic only; keep draft/noindex until keyword and content validation"
"blog_083","comparison","P2","informational","ru","Почему разные площадки требуют разные форматы","почему разные площадки требуют разные форматы","/ru/blog/topic-083","blog","marketplace sellers; instagram shops; small ecommerce teams","Amazon; Etsy; Kaspi","ecommerce-catalog-photos","index_when_content_ready","draft","Seed topic only; keep draft/noindex until keyword and content validation"
"blog_083","comparison","P2","informational","en","Why different platforms need different formats","why different platforms need different formats","/en/blog/topic-083","blog","marketplace sellers; instagram shops; small ecommerce teams","Amazon; Etsy; Kaspi","ecommerce-catalog-photos","index_when_content_ready","draft","Seed topic only; keep draft/noindex until keyword and content validation"
"blog_084","localization / international sellers","P2","informational","ru","Как продавать товары на разных маркетплейсах","как продавать товары на разных маркетплейсах","/ru/blog/topic-084","blog","marketplace sellers; instagram shops; small ecommerce teams","Amazon; eBay; Etsy","supplier-catalog-photos","index_when_content_ready","draft","Seed topic only; keep draft/noindex until keyword and content validation"
"blog_084","localization / international sellers","P2","informational","en","How to sell products on different marketplaces","how to sell products on different marketplaces","/en/blog/topic-084","blog","marketplace sellers; instagram shops; small ecommerce teams","Amazon; eBay; Etsy","supplier-catalog-photos","index_when_content_ready","draft","Seed topic only; keep draft/noindex until keyword and content validation"
"blog_085","localization / international sellers","P2","how-to","ru","Как подготовить фото товара для зарубежного рынка","как подготовить фото товара для зарубежного рынка","/ru/blog/topic-085","blog","marketplace sellers; instagram shops; small ecommerce teams","Amazon; eBay; Etsy","ecommerce-catalog-photos","index_when_content_ready","draft","Seed topic only; keep draft/noindex until keyword and content validation"
"blog_085","localization / international sellers","P2","how-to","en","How to prepare product photos for international markets","how to prepare product photos for international markets","/en/blog/topic-085","blog","marketplace sellers; instagram shops; small ecommerce teams","Amazon; eBay; Etsy","ecommerce-catalog-photos","index_when_content_ready","draft","Seed topic only; keep draft/noindex until keyword and content validation"
"blog_086","localization / international sellers","P2","how-to","ru","Как сделать каталог на нескольких языках","как сделать каталог на нескольких языках","/ru/blog/topic-086","blog","marketplace sellers; instagram shops; small ecommerce teams","Shopify; AliExpress","supplier-catalog-photos","index_when_content_ready","draft","Seed topic only; keep draft/noindex until keyword and content validation"
"blog_086","localization / international sellers","P2","how-to","en","How to create a multilingual product catalog","how to create a multilingual product catalog","/en/blog/topic-086","blog","marketplace sellers; instagram shops; small ecommerce teams","Shopify; AliExpress","supplier-catalog-photos","index_when_content_ready","draft","Seed topic only; keep draft/noindex until keyword and content validation"
"blog_087","localization / international sellers","P2","platform","ru","Как адаптировать карточку товара для eBay","как адаптировать карточку товара для ebay","/ru/blog/topic-087","platform page","marketplace sellers; instagram shops; small ecommerce teams","eBay","exact-product-card","index_when_content_ready","draft","Seed topic only; keep draft/noindex until keyword and content validation"
"blog_087","localization / international sellers","P2","platform","en","How to adapt a product card for eBay","how to adapt a product card for ebay","/en/blog/topic-087","platform page","marketplace sellers; instagram shops; small ecommerce teams","eBay","exact-product-card","index_when_content_ready","draft","Seed topic only; keep draft/noindex until keyword and content validation"
"blog_088","localization / international sellers","P2","platform","ru","Как адаптировать карточку товара для Amazon","как адаптировать карточку товара для amazon","/ru/blog/topic-088","platform page","marketplace sellers; instagram shops; small ecommerce teams","Amazon","marketplace-white-background","index_when_content_ready","draft","Seed topic only; keep draft/noindex until keyword and content validation"
"blog_088","localization / international sellers","P2","platform","en","How to adapt a product card for Amazon","how to adapt a product card for amazon","/en/blog/topic-088","platform page","marketplace sellers; instagram shops; small ecommerce teams","Amazon","marketplace-white-background","index_when_content_ready","draft","Seed topic only; keep draft/noindex until keyword and content validation"
"blog_089","localization / international sellers","P2","platform","ru","Как адаптировать фото для Etsy","как адаптировать фото для etsy","/ru/blog/topic-089","platform page","marketplace sellers; instagram shops; small ecommerce teams","Etsy","jewelry-product-photos","index_when_content_ready","draft","Seed topic only; keep draft/noindex until keyword and content validation"
"blog_089","localization / international sellers","P2","platform","en","How to adapt product photos for Etsy","how to adapt product photos for etsy","/en/blog/topic-089","platform page","marketplace sellers; instagram shops; small ecommerce teams","Etsy","jewelry-product-photos","index_when_content_ready","draft","Seed topic only; keep draft/noindex until keyword and content validation"
"blog_090","localization / international sellers","P2","platform","ru","Как подготовить визуал для Shopify","как подготовить визуал для shopify","/ru/blog/topic-090","platform page","marketplace sellers; instagram shops; small ecommerce teams","Shopify","ecommerce-catalog-photos","index_when_content_ready","draft","Seed topic only; keep draft/noindex until keyword and content validation"
"blog_090","localization / international sellers","P2","platform","en","How to prepare visuals for Shopify","how to prepare visuals for shopify","/en/blog/topic-090","platform page","marketplace sellers; instagram shops; small ecommerce teams","Shopify","ecommerce-catalog-photos","index_when_content_ready","draft","Seed topic only; keep draft/noindex until keyword and content validation"
"blog_091","localization / international sellers","P2","how-to","ru","Как сделать фото для локального маркетплейса","как сделать фото для локального маркетплейса","/ru/blog/topic-091","blog","marketplace sellers; instagram shops; small ecommerce teams","OLX; Kaspi","exact-product-card","index_when_content_ready","draft","Seed topic only; keep draft/noindex until keyword and content validation"
"blog_091","localization / international sellers","P2","how-to","en","How to make photos for a local marketplace","how to make photos for a local marketplace","/en/blog/topic-091","blog","marketplace sellers; instagram shops; small ecommerce teams","OLX; Kaspi","exact-product-card","index_when_content_ready","draft","Seed topic only; keep draft/noindex until keyword and content validation"
"blog_092","localization / international sellers","P2","informational","ru","Как AI помогает поставщикам из СНГ","как ai помогает поставщикам из снг","/ru/blog/topic-092","blog","marketplace sellers; instagram shops; small ecommerce teams","AliExpress; Temu","supplier-catalog-photos","index_when_content_ready","draft","Seed topic only; keep draft/noindex until keyword and content validation"
"blog_092","localization / international sellers","P2","informational","en","How AI helps suppliers from the CIS","how ai helps suppliers from the cis","/en/blog/topic-092","blog","marketplace sellers; instagram shops; small ecommerce teams","AliExpress; Temu","supplier-catalog-photos","index_when_content_ready","draft","Seed topic only; keep draft/noindex until keyword and content validation"
"blog_093","localization / international sellers","P2","how-to","ru","Как сделать товарный контент для международных клиентов","как сделать товарный контент для международных клиентов","/ru/blog/topic-093","blog","marketplace sellers; instagram shops; small ecommerce teams","Shopify; Amazon","supplier-catalog-photos","index_when_content_ready","draft","Seed topic only; keep draft/noindex until keyword and content validation"
"blog_093","localization / international sellers","P2","how-to","en","How to create product content for international clients","how to create product content for international clients","/en/blog/topic-093","blog","marketplace sellers; instagram shops; small ecommerce teams","Shopify; Amazon","supplier-catalog-photos","index_when_content_ready","draft","Seed topic only; keep draft/noindex until keyword and content validation"
"blog_094","AI prompt / advanced","P0","how-to","ru","Как написать prompt для товарного фото","как написать prompt для товарного фото","/ru/blog/topic-094","blog","marketplace sellers; instagram shops; small ecommerce teams","Shopify; Instagram Shop","creative-product-scene","index_when_content_ready","draft","Seed topic only; keep draft/noindex until keyword and content validation"
"blog_094","AI prompt / advanced","P0","how-to","en","How to write a prompt for product photography","how to write a prompt for product photography","/en/blog/topic-094","blog","marketplace sellers; instagram shops; small ecommerce teams","Shopify; Instagram Shop","creative-product-scene","index_when_content_ready","draft","Seed topic only; keep draft/noindex until keyword and content validation"
"blog_095","AI prompt / advanced","P2","how-to","ru","Как улучшить prompt для AI-видео","как улучшить prompt для ai-видео","/ru/blog/topic-095","blog","marketplace sellers; instagram shops; small ecommerce teams","TikTok Shop","product-video-from-photo","index_when_content_ready","draft","Seed topic only; keep draft/noindex until keyword and content validation"
"blog_095","AI prompt / advanced","P2","how-to","en","How to improve a prompt for AI video","how to improve a prompt for ai video","/en/blog/topic-095","blog","marketplace sellers; instagram shops; small ecommerce teams","TikTok Shop","product-video-from-photo","index_when_content_ready","draft","Seed topic only; keep draft/noindex until keyword and content validation"
"blog_096","AI prompt / advanced","P2","how-to","ru","Как описать модель для одежды","как описать модель для одежды","/ru/blog/topic-096","blog","marketplace sellers; instagram shops; small ecommerce teams","Shopify","clothing-on-model","index_when_content_ready","draft","Seed topic only; keep draft/noindex until keyword and content validation"
"blog_096","AI prompt / advanced","P2","how-to","en","How to describe a model for clothing photos","how to describe a model for clothing photos","/en/blog/topic-096","blog","marketplace sellers; instagram shops; small ecommerce teams","Shopify","clothing-on-model","index_when_content_ready","draft","Seed topic only; keep draft/noindex until keyword and content validation"
"blog_097","AI prompt / advanced","P2","how-to","ru","Как сделать AI-фон без изменения товара","как сделать ai-фон без изменения товара","/ru/blog/topic-097","blog","marketplace sellers; instagram shops; small ecommerce teams","Amazon; Kaspi","ai-background-replacement","index_when_content_ready","draft","Seed topic only; keep draft/noindex until keyword and content validation"
"blog_097","AI prompt / advanced","P2","how-to","en","How to create an AI background without changing the product","how to create an ai background without changing the product","/en/blog/topic-097","blog","marketplace sellers; instagram shops; small ecommerce teams","Amazon; Kaspi","ai-background-replacement","index_when_content_ready","draft","Seed topic only; keep draft/noindex until keyword and content validation"
"blog_098","AI prompt / advanced","P0","how-to","ru","Как заставить AI сохранить товар","как заставить ai сохранить товар","/ru/blog/topic-098","blog","marketplace sellers; instagram shops; small ecommerce teams","Kaspi; Amazon","exact-product-card","index_when_content_ready","draft","Seed topic only; keep draft/noindex until keyword and content validation"
"blog_098","AI prompt / advanced","P0","how-to","en","How to make AI preserve the product","how to make ai preserve the product","/en/blog/topic-098","blog","marketplace sellers; instagram shops; small ecommerce teams","Kaspi; Amazon","exact-product-card","index_when_content_ready","draft","Seed topic only; keep draft/noindex until keyword and content validation"
"blog_099","AI prompt / advanced","P2","how-to","ru","Как проверить, что AI не изменил товар","как проверить, что ai не изменил товар","/ru/blog/topic-099","blog","marketplace sellers; instagram shops; small ecommerce teams","Amazon; Kaspi","exact-product-card","index_when_content_ready","draft","Seed topic only; keep draft/noindex until keyword and content validation"
"blog_099","AI prompt / advanced","P2","how-to","en","How to check that AI did not change the product","how to check that ai did not change the product","/en/blog/topic-099","blog","marketplace sellers; instagram shops; small ecommerce teams","Amazon; Kaspi","exact-product-card","index_when_content_ready","draft","Seed topic only; keep draft/noindex until keyword and content validation"
"blog_100","AI prompt / advanced","P2","how-to","ru","Как использовать Vitrina AI Studio для контент-плана магазина","как использовать vitrina ai studio для контент-плана магазина","/ru/blog/topic-100","blog","marketplace sellers; instagram shops; small ecommerce teams","Shopify; Instagram Shop","marketplace-content-manager-workflow","index_when_content_ready","draft","Seed topic only; keep draft/noindex until keyword and content validation"
"blog_100","AI prompt / advanced","P2","how-to","en","How to use Vitrina AI Studio for a store content plan","how to use vitrina ai studio for a store content plan","/en/blog/topic-100","blog","marketplace sellers; instagram shops; small ecommerce teams","Shopify; Instagram Shop","marketplace-content-manager-workflow","index_when_content_ready","draft","Seed topic only; keep draft/noindex until keyword and content validation"
