path,locale,kind,id,index_policy,in_sitemap,hreflang_group,notes
"/ru","ru","home","home","noindex","yes","home-ru",""
"/ru/features","ru","section","features","index","yes","features-ru",""
"/ru/platforms","ru","section","platforms","index","yes","platforms-ru",""
"/ru/use-cases","ru","section","use-cases","index","yes","use-cases-ru",""
"/ru/blog","ru","section","blog","index","yes","blog-ru",""
"/ru/ai-summary","ru","section","ai-summary","index","yes","ai-summary-ru",""
"/ru/cost","ru","section","cost","index","yes","cost-ru",""
"/en","en","home","home","noindex","yes","home-en",""
"/en/features","en","section","features","index","yes","features-en",""
"/en/platforms","en","section","platforms","index","yes","platforms-en",""
"/en/use-cases","en","section","use-cases","index","yes","use-cases-en",""
"/en/blog","en","section","blog","index","yes","blog-en",""
"/en/ai-summary","en","section","ai-summary","index","yes","ai-summary-en",""
"/en/cost","en","section","cost","index","yes","cost-en",""
"/kk","kk","home","home","noindex","yes","home-kk",""
"/kk/features","kk","section","features","index","yes","features-kk",""
"/kk/platforms","kk","section","platforms","index","yes","platforms-kk",""
"/kk/use-cases","kk","section","use-cases","index","yes","use-cases-kk",""
"/kk/blog","kk","section","blog","index","yes","blog-kk",""
"/kk/ai-summary","kk","section","ai-summary","index","yes","ai-summary-kk",""
"/kk/cost","kk","section","cost","index","yes","cost-kk",""
"/ru/ii-studiya-tovarnyh-foto","ru","feature","aiProductPhotoStudio","index","yes","static-aiProductPhotoStudio","index"
"/en/ai-product-photo-studio","en","feature","aiProductPhotoStudio","index","yes","static-aiProductPhotoStudio","index"
"/kk/ai-onim-foto-studiyasi","kk","feature","aiProductPhotoStudio","index","yes","static-aiProductPhotoStudio","index"
"/ky/ai-tovar-foto-studiyasy","ky","feature","aiProductPhotoStudio","noindex-needs_review","no","static-aiProductPhotoStudio","index"
"/uz/ai-mahsulot-foto-studiyasi","uz","feature","aiProductPhotoStudio","noindex-needs_review","no","static-aiProductPhotoStudio","index"
"/tg/ai-studiya-aks-tovar","tg","feature","aiProductPhotoStudio","noindex-needs_review","no","static-aiProductPhotoStudio","index"
"/tr/ai-product-photo-studio","tr","feature","aiProductPhotoStudio","noindex-needs_review","no","static-aiProductPhotoStudio","index"
"/az/ai-product-photo-studio","az","feature","aiProductPhotoStudio","noindex-needs_review","no","static-aiProductPhotoStudio","index"
"/ar/ai-product-photo-studio","ar","feature","aiProductPhotoStudio","noindex-needs_review","no","static-aiProductPhotoStudio","index"
"/es/ai-product-photo-studio","es","feature","aiProductPhotoStudio","noindex-needs_review","no","static-aiProductPhotoStudio","index"
"/pt/ai-product-photo-studio","pt","feature","aiProductPhotoStudio","noindex-needs_review","no","static-aiProductPhotoStudio","index"
"/fr/ai-product-photo-studio","fr","feature","aiProductPhotoStudio","noindex-needs_review","no","static-aiProductPhotoStudio","index"
"/de/ai-product-photo-studio","de","feature","aiProductPhotoStudio","noindex-needs_review","no","static-aiProductPhotoStudio","index"
"/it/ai-product-photo-studio","it","feature","aiProductPhotoStudio","noindex-needs_review","no","static-aiProductPhotoStudio","index"
"/pl/ai-product-photo-studio","pl","feature","aiProductPhotoStudio","noindex-needs_review","no","static-aiProductPhotoStudio","index"
"/uk/ai-product-photo-studio","uk","feature","aiProductPhotoStudio","noindex-needs_review","no","static-aiProductPhotoStudio","index"
"/hi/ai-product-photo-studio","hi","feature","aiProductPhotoStudio","noindex-needs_review","no","static-aiProductPhotoStudio","index"
"/id/ai-product-photo-studio","id","feature","aiProductPhotoStudio","noindex-needs_review","no","static-aiProductPhotoStudio","index"
"/vi/ai-product-photo-studio","vi","feature","aiProductPhotoStudio","noindex-needs_review","no","static-aiProductPhotoStudio","index"
"/zh/ai-product-photo-studio","zh","feature","aiProductPhotoStudio","noindex-needs_review","no","static-aiProductPhotoStudio","index"
"/ru/foto-tovarov-dlya-marketpleysov","ru","feature","productPhotoForMarketplaces","index","yes","static-productPhotoForMarketplaces","index"
"/en/product-photo-for-marketplaces","en","feature","productPhotoForMarketplaces","index","yes","static-productPhotoForMarketplaces","index"
"/kk/marketpleisterge-onim-fotosy","kk","feature","productPhotoForMarketplaces","index","yes","static-productPhotoForMarketplaces","index"
"/ky/marketpleyster-uchun-tovar-fotosu","ky","feature","productPhotoForMarketplaces","noindex-needs_review","no","static-productPhotoForMarketplaces","index"
"/uz/marketpleys-uchun-mahsulot-fotosi","uz","feature","productPhotoForMarketplaces","noindex-needs_review","no","static-productPhotoForMarketplaces","index"
"/tg/aks-tovar-baroi-marketpleys","tg","feature","productPhotoForMarketplaces","noindex-needs_review","no","static-productPhotoForMarketplaces","index"
"/tr/product-photo-for-marketplaces","tr","feature","productPhotoForMarketplaces","noindex-needs_review","no","static-productPhotoForMarketplaces","index"
"/az/product-photo-for-marketplaces","az","feature","productPhotoForMarketplaces","noindex-needs_review","no","static-productPhotoForMarketplaces","index"
"/ar/product-photo-for-marketplaces","ar","feature","productPhotoForMarketplaces","noindex-needs_review","no","static-productPhotoForMarketplaces","index"
"/es/product-photo-for-marketplaces","es","feature","productPhotoForMarketplaces","noindex-needs_review","no","static-productPhotoForMarketplaces","index"
"/pt/product-photo-for-marketplaces","pt","feature","productPhotoForMarketplaces","noindex-needs_review","no","static-productPhotoForMarketplaces","index"
"/fr/product-photo-for-marketplaces","fr","feature","productPhotoForMarketplaces","noindex-needs_review","no","static-productPhotoForMarketplaces","index"
"/de/product-photo-for-marketplaces","de","feature","productPhotoForMarketplaces","noindex-needs_review","no","static-productPhotoForMarketplaces","index"
"/it/product-photo-for-marketplaces","it","feature","productPhotoForMarketplaces","noindex-needs_review","no","static-productPhotoForMarketplaces","index"
"/pl/product-photo-for-marketplaces","pl","feature","productPhotoForMarketplaces","noindex-needs_review","no","static-productPhotoForMarketplaces","index"
"/uk/product-photo-for-marketplaces","uk","feature","productPhotoForMarketplaces","noindex-needs_review","no","static-productPhotoForMarketplaces","index"
"/hi/product-photo-for-marketplaces","hi","feature","productPhotoForMarketplaces","noindex-needs_review","no","static-productPhotoForMarketplaces","index"
"/id/product-photo-for-marketplaces","id","feature","productPhotoForMarketplaces","noindex-needs_review","no","static-productPhotoForMarketplaces","index"
"/vi/product-photo-for-marketplaces","vi","feature","productPhotoForMarketplaces","noindex-needs_review","no","static-productPhotoForMarketplaces","index"
"/zh/product-photo-for-marketplaces","zh","feature","productPhotoForMarketplaces","noindex-needs_review","no","static-productPhotoForMarketplaces","index"
"/ru/generator-video-tovara","ru","feature","productVideoGenerator","noindex-published","no","","noindex"
"/en/product-video-generator","en","feature","productVideoGenerator","noindex-published","no","","noindex"
"/kk/onim-video-generator","kk","feature","productVideoGenerator","noindex-ready_for_review","no","","noindex"
"/ky/tovar-video-generator","ky","feature","productVideoGenerator","noindex-needs_review","no","","noindex"
"/uz/mahsulot-video-generator","uz","feature","productVideoGenerator","noindex-needs_review","no","","noindex"
"/tg/generator-video-tovar","tg","feature","productVideoGenerator","noindex-needs_review","no","","noindex"
"/tr/product-video-generator","tr","feature","productVideoGenerator","noindex-needs_review","no","","noindex"
"/az/product-video-generator","az","feature","productVideoGenerator","noindex-needs_review","no","","noindex"
"/ar/product-video-generator","ar","feature","productVideoGenerator","noindex-needs_review","no","","noindex"
"/es/product-video-generator","es","feature","productVideoGenerator","noindex-needs_review","no","","noindex"
"/pt/product-video-generator","pt","feature","productVideoGenerator","noindex-needs_review","no","","noindex"
"/fr/product-video-generator","fr","feature","productVideoGenerator","noindex-needs_review","no","","noindex"
"/de/product-video-generator","de","feature","productVideoGenerator","noindex-needs_review","no","","noindex"
"/it/product-video-generator","it","feature","productVideoGenerator","noindex-needs_review","no","","noindex"
"/pl/product-video-generator","pl","feature","productVideoGenerator","noindex-needs_review","no","","noindex"
"/uk/product-video-generator","uk","feature","productVideoGenerator","noindex-needs_review","no","","noindex"
"/hi/product-video-generator","hi","feature","productVideoGenerator","noindex-needs_review","no","","noindex"
"/id/product-video-generator","id","feature","productVideoGenerator","noindex-needs_review","no","","noindex"
"/vi/product-video-generator","vi","feature","productVideoGenerator","noindex-needs_review","no","","noindex"
"/zh/product-video-generator","zh","feature","productVideoGenerator","noindex-needs_review","no","","noindex"
"/ru/generator-fona-dlya-tovara","ru","feature","backgroundGenerator","index","yes","static-backgroundGenerator","index"
"/en/background-generator","en","feature","backgroundGenerator","index","yes","static-backgroundGenerator","index"
"/kk/onim-fon-generator","kk","feature","backgroundGenerator","index","yes","static-backgroundGenerator","index"
"/ky/tovar-fon-generator","ky","feature","backgroundGenerator","noindex-needs_review","no","static-backgroundGenerator","index"
"/uz/mahsulot-fon-generator","uz","feature","backgroundGenerator","noindex-needs_review","no","static-backgroundGenerator","index"
"/tg/generator-fon-tovar","tg","feature","backgroundGenerator","noindex-needs_review","no","static-backgroundGenerator","index"
"/tr/background-generator","tr","feature","backgroundGenerator","noindex-needs_review","no","static-backgroundGenerator","index"
"/az/background-generator","az","feature","backgroundGenerator","noindex-needs_review","no","static-backgroundGenerator","index"
"/ar/background-generator","ar","feature","backgroundGenerator","noindex-needs_review","no","static-backgroundGenerator","index"
"/es/background-generator","es","feature","backgroundGenerator","noindex-needs_review","no","static-backgroundGenerator","index"
"/pt/background-generator","pt","feature","backgroundGenerator","noindex-needs_review","no","static-backgroundGenerator","index"
"/fr/background-generator","fr","feature","backgroundGenerator","noindex-needs_review","no","static-backgroundGenerator","index"
"/de/background-generator","de","feature","backgroundGenerator","noindex-needs_review","no","static-backgroundGenerator","index"
"/it/background-generator","it","feature","backgroundGenerator","noindex-needs_review","no","static-backgroundGenerator","index"
"/pl/background-generator","pl","feature","backgroundGenerator","noindex-needs_review","no","static-backgroundGenerator","index"
"/uk/background-generator","uk","feature","backgroundGenerator","noindex-needs_review","no","static-backgroundGenerator","index"
"/hi/background-generator","hi","feature","backgroundGenerator","noindex-needs_review","no","static-backgroundGenerator","index"
"/id/background-generator","id","feature","backgroundGenerator","noindex-needs_review","no","static-backgroundGenerator","index"
"/vi/background-generator","vi","feature","backgroundGenerator","noindex-needs_review","no","static-backgroundGenerator","index"
"/zh/background-generator","zh","feature","backgroundGenerator","noindex-needs_review","no","static-backgroundGenerator","index"
"/ru/foto-odezhdy-na-ai-modeli","ru","feature","fashionModelPhotos","index","yes","static-fashionModelPhotos","index"
"/en/fashion-model-photos","en","feature","fashionModelPhotos","index","yes","static-fashionModelPhotos","index"
"/kk/kiim-ai-model-fotosy","kk","feature","fashionModelPhotos","index","yes","static-fashionModelPhotos","index"
"/ky/kiyim-ai-model-fotosu","ky","feature","fashionModelPhotos","noindex-needs_review","no","static-fashionModelPhotos","index"
"/uz/kiyim-ai-model-fotosi","uz","feature","fashionModelPhotos","noindex-needs_review","no","static-fashionModelPhotos","index"
"/tg/libos-dar-ai-model","tg","feature","fashionModelPhotos","noindex-needs_review","no","static-fashionModelPhotos","index"
"/tr/fashion-model-photos","tr","feature","fashionModelPhotos","noindex-needs_review","no","static-fashionModelPhotos","index"
"/az/fashion-model-photos","az","feature","fashionModelPhotos","noindex-needs_review","no","static-fashionModelPhotos","index"
"/ar/fashion-model-photos","ar","feature","fashionModelPhotos","noindex-needs_review","no","static-fashionModelPhotos","index"
"/es/fashion-model-photos","es","feature","fashionModelPhotos","noindex-needs_review","no","static-fashionModelPhotos","index"
"/pt/fashion-model-photos","pt","feature","fashionModelPhotos","noindex-needs_review","no","static-fashionModelPhotos","index"
"/fr/fashion-model-photos","fr","feature","fashionModelPhotos","noindex-needs_review","no","static-fashionModelPhotos","index"
"/de/fashion-model-photos","de","feature","fashionModelPhotos","noindex-needs_review","no","static-fashionModelPhotos","index"
"/it/fashion-model-photos","it","feature","fashionModelPhotos","noindex-needs_review","no","static-fashionModelPhotos","index"
"/pl/fashion-model-photos","pl","feature","fashionModelPhotos","noindex-needs_review","no","static-fashionModelPhotos","index"
"/uk/fashion-model-photos","uk","feature","fashionModelPhotos","noindex-needs_review","no","static-fashionModelPhotos","index"
"/hi/fashion-model-photos","hi","feature","fashionModelPhotos","noindex-needs_review","no","static-fashionModelPhotos","index"
"/id/fashion-model-photos","id","feature","fashionModelPhotos","noindex-needs_review","no","static-fashionModelPhotos","index"
"/vi/fashion-model-photos","vi","feature","fashionModelPhotos","noindex-needs_review","no","static-fashionModelPhotos","index"
"/zh/fashion-model-photos","zh","feature","fashionModelPhotos","noindex-needs_review","no","static-fashionModelPhotos","index"
"/ru/foto-bizhuterii-dlya-marketpleysa","ru","feature","jewelryProductPhotos","index","yes","static-jewelryProductPhotos","index"
"/en/jewelry-product-photos","en","feature","jewelryProductPhotos","index","yes","static-jewelryProductPhotos","index"
"/kk/zergerlik-onim-fotosy","kk","feature","jewelryProductPhotos","index","yes","static-jewelryProductPhotos","index"
"/ky/zer-buyum-fotosu","ky","feature","jewelryProductPhotos","noindex-needs_review","no","static-jewelryProductPhotos","index"
"/uz/taqinchoq-mahsulot-fotosi","uz","feature","jewelryProductPhotos","noindex-needs_review","no","static-jewelryProductPhotos","index"
"/tg/aks-zeboi-baroi-marketpleys","tg","feature","jewelryProductPhotos","noindex-needs_review","no","static-jewelryProductPhotos","index"
"/tr/jewelry-product-photos","tr","feature","jewelryProductPhotos","noindex-needs_review","no","static-jewelryProductPhotos","index"
"/az/jewelry-product-photos","az","feature","jewelryProductPhotos","noindex-needs_review","no","static-jewelryProductPhotos","index"
"/ar/jewelry-product-photos","ar","feature","jewelryProductPhotos","noindex-needs_review","no","static-jewelryProductPhotos","index"
"/es/jewelry-product-photos","es","feature","jewelryProductPhotos","noindex-needs_review","no","static-jewelryProductPhotos","index"
"/pt/jewelry-product-photos","pt","feature","jewelryProductPhotos","noindex-needs_review","no","static-jewelryProductPhotos","index"
"/fr/jewelry-product-photos","fr","feature","jewelryProductPhotos","noindex-needs_review","no","static-jewelryProductPhotos","index"
"/de/jewelry-product-photos","de","feature","jewelryProductPhotos","noindex-needs_review","no","static-jewelryProductPhotos","index"
"/it/jewelry-product-photos","it","feature","jewelryProductPhotos","noindex-needs_review","no","static-jewelryProductPhotos","index"
"/pl/jewelry-product-photos","pl","feature","jewelryProductPhotos","noindex-needs_review","no","static-jewelryProductPhotos","index"
"/uk/jewelry-product-photos","uk","feature","jewelryProductPhotos","noindex-needs_review","no","static-jewelryProductPhotos","index"
"/hi/jewelry-product-photos","hi","feature","jewelryProductPhotos","noindex-needs_review","no","static-jewelryProductPhotos","index"
"/id/jewelry-product-photos","id","feature","jewelryProductPhotos","noindex-needs_review","no","static-jewelryProductPhotos","index"
"/vi/jewelry-product-photos","vi","feature","jewelryProductPhotos","noindex-needs_review","no","static-jewelryProductPhotos","index"
"/zh/jewelry-product-photos","zh","feature","jewelryProductPhotos","noindex-needs_review","no","static-jewelryProductPhotos","index"
"/ru/cost","ru","pricing","cost","index","yes","static-cost","index"
"/en/cost","en","pricing","cost","index","yes","static-cost","index"
"/kk/cost","kk","pricing","cost","index","yes","static-cost","index"
"/ky/cost","ky","pricing","cost","noindex-needs_review","no","static-cost","index"
"/uz/cost","uz","pricing","cost","noindex-needs_review","no","static-cost","index"
"/tg/cost","tg","pricing","cost","noindex-needs_review","no","static-cost","index"
"/tr/cost","tr","pricing","cost","noindex-needs_review","no","static-cost","index"
"/az/cost","az","pricing","cost","noindex-needs_review","no","static-cost","index"
"/ar/cost","ar","pricing","cost","noindex-needs_review","no","static-cost","index"
"/es/cost","es","pricing","cost","noindex-needs_review","no","static-cost","index"
"/pt/cost","pt","pricing","cost","noindex-needs_review","no","static-cost","index"
"/fr/cost","fr","pricing","cost","noindex-needs_review","no","static-cost","index"
"/de/cost","de","pricing","cost","noindex-needs_review","no","static-cost","index"
"/it/cost","it","pricing","cost","noindex-needs_review","no","static-cost","index"
"/pl/cost","pl","pricing","cost","noindex-needs_review","no","static-cost","index"
"/uk/cost","uk","pricing","cost","noindex-needs_review","no","static-cost","index"
"/hi/cost","hi","pricing","cost","noindex-needs_review","no","static-cost","index"
"/id/cost","id","pricing","cost","noindex-needs_review","no","static-cost","index"
"/vi/cost","vi","pricing","cost","noindex-needs_review","no","static-cost","index"
"/zh/cost","zh","pricing","cost","noindex-needs_review","no","static-cost","index"
"/ru/privacy","ru","legal","privacy","noindex-published","yes","","index"
"/en/privacy","en","legal","privacy","noindex-published","yes","","index"
"/kk/privacy","kk","legal","privacy","noindex-needs_review","no","","index"
"/ky/privacy","ky","legal","privacy","noindex-needs_review","no","","index"
"/uz/privacy","uz","legal","privacy","noindex-needs_review","no","","index"
"/tg/privacy","tg","legal","privacy","noindex-needs_review","no","","index"
"/tr/privacy","tr","legal","privacy","noindex-needs_review","no","","index"
"/az/privacy","az","legal","privacy","noindex-needs_review","no","","index"
"/ar/privacy","ar","legal","privacy","noindex-needs_review","no","","index"
"/es/privacy","es","legal","privacy","noindex-needs_review","no","","index"
"/pt/privacy","pt","legal","privacy","noindex-needs_review","no","","index"
"/fr/privacy","fr","legal","privacy","noindex-needs_review","no","","index"
"/de/privacy","de","legal","privacy","noindex-needs_review","no","","index"
"/it/privacy","it","legal","privacy","noindex-needs_review","no","","index"
"/pl/privacy","pl","legal","privacy","noindex-needs_review","no","","index"
"/uk/privacy","uk","legal","privacy","noindex-needs_review","no","","index"
"/hi/privacy","hi","legal","privacy","noindex-needs_review","no","","index"
"/id/privacy","id","legal","privacy","noindex-needs_review","no","","index"
"/vi/privacy","vi","legal","privacy","noindex-needs_review","no","","index"
"/zh/privacy","zh","legal","privacy","noindex-needs_review","no","","index"
"/ru/terms","ru","legal","terms","noindex-published","yes","","index"
"/en/terms","en","legal","terms","noindex-published","yes","","index"
"/kk/terms","kk","legal","terms","noindex-needs_review","no","","index"
"/ky/terms","ky","legal","terms","noindex-needs_review","no","","index"
"/uz/terms","uz","legal","terms","noindex-needs_review","no","","index"
"/tg/terms","tg","legal","terms","noindex-needs_review","no","","index"
"/tr/terms","tr","legal","terms","noindex-needs_review","no","","index"
"/az/terms","az","legal","terms","noindex-needs_review","no","","index"
"/ar/terms","ar","legal","terms","noindex-needs_review","no","","index"
"/es/terms","es","legal","terms","noindex-needs_review","no","","index"
"/pt/terms","pt","legal","terms","noindex-needs_review","no","","index"
"/fr/terms","fr","legal","terms","noindex-needs_review","no","","index"
"/de/terms","de","legal","terms","noindex-needs_review","no","","index"
"/it/terms","it","legal","terms","noindex-needs_review","no","","index"
"/pl/terms","pl","legal","terms","noindex-needs_review","no","","index"
"/uk/terms","uk","legal","terms","noindex-needs_review","no","","index"
"/hi/terms","hi","legal","terms","noindex-needs_review","no","","index"
"/id/terms","id","legal","terms","noindex-needs_review","no","","index"
"/vi/terms","vi","legal","terms","noindex-needs_review","no","","index"
"/zh/terms","zh","legal","terms","noindex-needs_review","no","","index"
"/ru/acceptable-use","ru","legal","acceptableUse","noindex-published","yes","","index"
"/en/acceptable-use","en","legal","acceptableUse","noindex-published","yes","","index"
"/kk/acceptable-use","kk","legal","acceptableUse","noindex-needs_review","no","","index"
"/ky/acceptable-use","ky","legal","acceptableUse","noindex-needs_review","no","","index"
"/uz/acceptable-use","uz","legal","acceptableUse","noindex-needs_review","no","","index"
"/tg/acceptable-use","tg","legal","acceptableUse","noindex-needs_review","no","","index"
"/tr/acceptable-use","tr","legal","acceptableUse","noindex-needs_review","no","","index"
"/az/acceptable-use","az","legal","acceptableUse","noindex-needs_review","no","","index"
"/ar/acceptable-use","ar","legal","acceptableUse","noindex-needs_review","no","","index"
"/es/acceptable-use","es","legal","acceptableUse","noindex-needs_review","no","","index"
"/pt/acceptable-use","pt","legal","acceptableUse","noindex-needs_review","no","","index"
"/fr/acceptable-use","fr","legal","acceptableUse","noindex-needs_review","no","","index"
"/de/acceptable-use","de","legal","acceptableUse","noindex-needs_review","no","","index"
"/it/acceptable-use","it","legal","acceptableUse","noindex-needs_review","no","","index"
"/pl/acceptable-use","pl","legal","acceptableUse","noindex-needs_review","no","","index"
"/uk/acceptable-use","uk","legal","acceptableUse","noindex-needs_review","no","","index"
"/hi/acceptable-use","hi","legal","acceptableUse","noindex-needs_review","no","","index"
"/id/acceptable-use","id","legal","acceptableUse","noindex-needs_review","no","","index"
"/vi/acceptable-use","vi","legal","acceptableUse","noindex-needs_review","no","","index"
"/zh/acceptable-use","zh","legal","acceptableUse","noindex-needs_review","no","","index"
"/ru/data-deletion","ru","legal","dataDeletion","noindex-published","yes","","index"
"/en/data-deletion","en","legal","dataDeletion","noindex-published","yes","","index"
"/kk/data-deletion","kk","legal","dataDeletion","noindex-needs_review","no","","index"
"/ky/data-deletion","ky","legal","dataDeletion","noindex-needs_review","no","","index"
"/uz/data-deletion","uz","legal","dataDeletion","noindex-needs_review","no","","index"
"/tg/data-deletion","tg","legal","dataDeletion","noindex-needs_review","no","","index"
"/tr/data-deletion","tr","legal","dataDeletion","noindex-needs_review","no","","index"
"/az/data-deletion","az","legal","dataDeletion","noindex-needs_review","no","","index"
"/ar/data-deletion","ar","legal","dataDeletion","noindex-needs_review","no","","index"
"/es/data-deletion","es","legal","dataDeletion","noindex-needs_review","no","","index"
"/pt/data-deletion","pt","legal","dataDeletion","noindex-needs_review","no","","index"
"/fr/data-deletion","fr","legal","dataDeletion","noindex-needs_review","no","","index"
"/de/data-deletion","de","legal","dataDeletion","noindex-needs_review","no","","index"
"/it/data-deletion","it","legal","dataDeletion","noindex-needs_review","no","","index"
"/pl/data-deletion","pl","legal","dataDeletion","noindex-needs_review","no","","index"
"/uk/data-deletion","uk","legal","dataDeletion","noindex-needs_review","no","","index"
"/hi/data-deletion","hi","legal","dataDeletion","noindex-needs_review","no","","index"
"/id/data-deletion","id","legal","dataDeletion","noindex-needs_review","no","","index"
"/vi/data-deletion","vi","legal","dataDeletion","noindex-needs_review","no","","index"
"/zh/data-deletion","zh","legal","dataDeletion","noindex-needs_review","no","","index"
"/ru/how-it-works","ru","trust","howItWorks","index","yes","trust-howItWorks","index"
"/en/how-it-works","en","trust","howItWorks","index","yes","trust-howItWorks","index"
"/kk/how-it-works","kk","trust","howItWorks","index","yes","trust-howItWorks","index"
"/ky/how-it-works","ky","trust","howItWorks","noindex-needs_review","no","","index"
"/uz/how-it-works","uz","trust","howItWorks","noindex-needs_review","no","","index"
"/tg/how-it-works","tg","trust","howItWorks","noindex-needs_review","no","","index"
"/tr/how-it-works","tr","trust","howItWorks","noindex-needs_review","no","","index"
"/az/how-it-works","az","trust","howItWorks","noindex-needs_review","no","","index"
"/ar/how-it-works","ar","trust","howItWorks","noindex-needs_review","no","","index"
"/es/how-it-works","es","trust","howItWorks","noindex-needs_review","no","","index"
"/pt/how-it-works","pt","trust","howItWorks","noindex-needs_review","no","","index"
"/fr/how-it-works","fr","trust","howItWorks","noindex-needs_review","no","","index"
"/de/how-it-works","de","trust","howItWorks","noindex-needs_review","no","","index"
"/it/how-it-works","it","trust","howItWorks","noindex-needs_review","no","","index"
"/pl/how-it-works","pl","trust","howItWorks","noindex-needs_review","no","","index"
"/uk/how-it-works","uk","trust","howItWorks","noindex-needs_review","no","","index"
"/hi/how-it-works","hi","trust","howItWorks","noindex-needs_review","no","","index"
"/id/how-it-works","id","trust","howItWorks","noindex-needs_review","no","","index"
"/vi/how-it-works","vi","trust","howItWorks","noindex-needs_review","no","","index"
"/zh/how-it-works","zh","trust","howItWorks","noindex-needs_review","no","","index"
"/ru/quality","ru","trust","quality","index","yes","trust-quality","index"
"/en/quality","en","trust","quality","index","yes","trust-quality","index"
"/kk/quality","kk","trust","quality","index","yes","trust-quality","index"
"/ky/quality","ky","trust","quality","noindex-needs_review","no","","index"
"/uz/quality","uz","trust","quality","noindex-needs_review","no","","index"
"/tg/quality","tg","trust","quality","noindex-needs_review","no","","index"
"/tr/quality","tr","trust","quality","noindex-needs_review","no","","index"
"/az/quality","az","trust","quality","noindex-needs_review","no","","index"
"/ar/quality","ar","trust","quality","noindex-needs_review","no","","index"
"/es/quality","es","trust","quality","noindex-needs_review","no","","index"
"/pt/quality","pt","trust","quality","noindex-needs_review","no","","index"
"/fr/quality","fr","trust","quality","noindex-needs_review","no","","index"
"/de/quality","de","trust","quality","noindex-needs_review","no","","index"
"/it/quality","it","trust","quality","noindex-needs_review","no","","index"
"/pl/quality","pl","trust","quality","noindex-needs_review","no","","index"
"/uk/quality","uk","trust","quality","noindex-needs_review","no","","index"
"/hi/quality","hi","trust","quality","noindex-needs_review","no","","index"
"/id/quality","id","trust","quality","noindex-needs_review","no","","index"
"/vi/quality","vi","trust","quality","noindex-needs_review","no","","index"
"/zh/quality","zh","trust","quality","noindex-needs_review","no","","index"
"/ru/faq","ru","trust","faq","index","yes","trust-faq","index"
"/en/faq","en","trust","faq","index","yes","trust-faq","index"
"/kk/faq","kk","trust","faq","index","yes","trust-faq","index"
"/ky/faq","ky","trust","faq","noindex-needs_review","no","","index"
"/uz/faq","uz","trust","faq","noindex-needs_review","no","","index"
"/tg/faq","tg","trust","faq","noindex-needs_review","no","","index"
"/tr/faq","tr","trust","faq","noindex-needs_review","no","","index"
"/az/faq","az","trust","faq","noindex-needs_review","no","","index"
"/ar/faq","ar","trust","faq","noindex-needs_review","no","","index"
"/es/faq","es","trust","faq","noindex-needs_review","no","","index"
"/pt/faq","pt","trust","faq","noindex-needs_review","no","","index"
"/fr/faq","fr","trust","faq","noindex-needs_review","no","","index"
"/de/faq","de","trust","faq","noindex-needs_review","no","","index"
"/it/faq","it","trust","faq","noindex-needs_review","no","","index"
"/pl/faq","pl","trust","faq","noindex-needs_review","no","","index"
"/uk/faq","uk","trust","faq","noindex-needs_review","no","","index"
"/hi/faq","hi","trust","faq","noindex-needs_review","no","","index"
"/id/faq","id","trust","faq","noindex-needs_review","no","","index"
"/vi/faq","vi","trust","faq","noindex-needs_review","no","","index"
"/zh/faq","zh","trust","faq","noindex-needs_review","no","","index"
"/ru/blog/ai-foto-tovarov-dlya-marketpleysov","ru","blog","blog_001","index","yes","blog-blog_001-triad",""
"/en/blog/what-is-ai-product-photography","en","blog","blog_001","index","yes","blog-blog_001-triad",""
"/kk/blog/ai-onim-fotografiyasi","kk","blog","blog_001","index","yes","blog-blog_001-triad",""
"/ru/blog/kak-sdelat-foto-tovara-dlya-marketpleysa","ru","blog","blog_002","index","yes","blog-blog_002-triad",""
"/en/blog/how-to-create-product-photos-for-a-marketplace","en","blog","blog_002","index","yes","blog-blog_002-triad",""
"/kk/blog/marketpleisterge-onim-fotosu-kalay-zhasau","kk","blog","blog_002","index","yes","blog-blog_002-triad",""
"/ru/blog/kak-sdelat-belyy-fon-dlya-tovara","ru","blog","blog_003","index","yes","blog-blog_003-triad",""
"/en/blog/how-to-make-a-white-background-for-a-product","en","blog","blog_003","index","yes","blog-blog_003-triad",""
"/kk/blog/onim-ushin-ak-fon-kalay-zhasau","kk","blog","blog_003","index","yes","blog-blog_003-triad",""
"/ru/blog/kak-uluchshit-foto-tovara-bez-fotografa","ru","blog","blog_004","index","yes","blog-blog_004-triad",""
"/en/blog/how-to-improve-product-photos-without-a-photographer","en","blog","blog_004","index","yes","blog-blog_004-triad",""
"/kk/blog/fotosurysyz-onim-fotosyn-zhetildiru","kk","blog","blog_004","index","yes","blog-blog_004-triad",""
"/ru/blog/kak-sdelat-kartochku-tovara-iz-obychnogo-foto","ru","blog","blog_005","index","yes","blog-blog_005-triad",""
"/en/blog/how-to-make-a-product-card-from-a-regular-photo","en","blog","blog_005","index","yes","blog-blog_005-triad",""
"/kk/blog/kadirdik-onim-fotosynan-kartochka","kk","blog","blog_005","index","yes","blog-blog_005-triad",""
"/ru/blog/how-ai-helps-marketplace-sellers","ru","blog","blog_006","index","yes","blog-blog_006-triad",""
"/en/blog/how-ai-helps-marketplace-sellers","en","blog","blog_006","index","yes","blog-blog_006-triad",""
"/kk/blog/ai-marketpleisterge-satushylaryna-komek-korsetedi","kk","blog","blog_006","index","yes","blog-blog_006-triad",""
"/ru/blog/product-photo-mistakes-that-hurt-sales","ru","blog","blog_007","index","yes","blog-blog_007-triad",""
"/en/blog/product-photo-mistakes-that-hurt-sales","en","blog","blog_007","index","yes","blog-blog_007-triad",""
"/kk/blog/tauar-fotosynyn-satu-tusiretin-katelikteri","kk","blog","blog_007","index","yes","blog-blog_007-triad",""
"/ru/blog/kak-proverit-ai-foto-pered-publikatsiey","ru","blog","blog_008","index","yes","blog-blog_008-ruen",""
"/en/blog/how-to-review-ai-product-photos-before-publishing","en","blog","blog_008","index","yes","blog-blog_008-ruen",""
"/ru/blog/why-ai-can-change-a-product-and-how-to-reduce-it","ru","blog","blog_009","index","yes","blog-blog_009-triad",""
"/en/blog/why-ai-can-change-a-product-and-how-to-reduce-it","en","blog","blog_009","index","yes","blog-blog_009-triad",""
"/kk/blog/ai-nege-tauardy-ozgertedi","kk","blog","blog_009","index","yes","blog-blog_009-triad",""
"/ru/blog/how-to-preserve-product-color-and-shape-in-ai-photos","ru","blog","blog_010","index","yes","blog-blog_010-triad",""
"/en/blog/how-to-preserve-product-color-and-shape-in-ai-photos","en","blog","blog_010","index","yes","blog-blog_010-triad",""
"/kk/blog/ai-fotoda-tus-pishindi-saktau","kk","blog","blog_010","index","yes","blog-blog_010-triad",""
"/ru/blog/kak-sdelat-foto-odezhdy-na-modeli","ru","blog","blog_011","index","yes","blog-blog_011-triad",""
"/en/blog/how-to-create-clothing-photos-on-a-model","en","blog","blog_011","index","yes","blog-blog_011-triad",""
"/kk/blog/kiim-ai-model-fotosy","kk","blog","blog_011","index","yes","blog-blog_011-triad",""
"/ru/blog/kak-perenesti-odezhdu-na-ai-model","ru","blog","blog_012","index","yes","blog-blog_012-triad",""
"/en/blog/how-to-place-clothing-on-an-ai-model","en","blog","blog_012","index","yes","blog-blog_012-triad",""
"/kk/blog/kiimdi-ai-modelge-kiyu","kk","blog","blog_012","index","yes","blog-blog_012-triad",""
"/ru/blog/foto-belya-na-ai-modeli","ru","blog","blog_016","index","yes","blog-blog_016-triad",""
"/en/blog/lingerie-photos-on-an-ai-model","en","blog","blog_016","index","yes","blog-blog_016-triad",""
"/kk/blog/ish-kiyim-ai-model-fotosy","kk","blog","blog_016","index","yes","blog-blog_016-triad",""
"/ru/blog/how-to-create-a-clothing-catalog-without-a-photoshoot","ru","blog","blog_019","index","yes","blog-blog_019-ruen",""
"/en/blog/how-to-create-a-clothing-catalog-without-a-photoshoot","en","blog","blog_019","index","yes","blog-blog_019-ruen",""
"/ru/blog/how-to-prepare-clothing-photos-for-ai-try-on","ru","blog","blog_020","index","yes","blog-blog_020-triad",""
"/en/blog/how-to-prepare-clothing-photos-for-ai-try-on","en","blog","blog_020","index","yes","blog-blog_020-triad",""
"/kk/blog/ai-primerka-ushin-kiim-fotosyn-dayandau","kk","blog","blog_020","index","yes","blog-blog_020-triad",""
"/ru/blog/foto-bizhuterii-dlya-marketpleysa","ru","blog","blog_021","index","yes","blog-blog_021-ruen",""
"/en/blog/how-to-create-jewelry-product-photos-for-a-marketplace","en","blog","blog_021","index","yes","blog-blog_021-ruen",""
"/ru/blog/how-to-prepare-bag-photos-for-a-marketplace","ru","blog","blog_029","index","yes","blog-blog_029-ruen",""
"/en/blog/how-to-prepare-bag-photos-for-a-marketplace","en","blog","blog_029","index","yes","blog-blog_029-ruen",""
"/ru/blog/kak-sdelat-foto-obuvi-dlya-kartochki-tovara","ru","blog","blog_030","index","yes","blog-blog_030-ruen",""
"/en/blog/how-to-create-shoe-photos-for-a-product-card","en","blog","blog_030","index","yes","blog-blog_030-ruen",""
"/ru/blog/foto-tovarov-dlya-kaspi","ru","blog","blog_031","index","yes","blog-blog_031-triad",""
"/en/blog/product-photos-for-kaspi","en","blog","blog_031","index","yes","blog-blog_031-triad",""
"/kk/blog/kaspi-ushin-onim-fotosy","kk","blog","blog_031","index","yes","blog-blog_031-triad",""
"/ru/blog/foto-tovarov-dlya-wildberries","ru","blog","blog_032","index","yes","blog-blog_032-ruen",""
"/en/blog/product-photos-for-wildberries","en","blog","blog_032","index","yes","blog-blog_032-ruen",""
"/ru/blog/foto-tovarov-dlya-ozon","ru","blog","blog_033","index","yes","blog-blog_033-ruen",""
"/en/blog/product-photos-for-ozon","en","blog","blog_033","index","yes","blog-blog_033-ruen",""
"/ru/blog/product-photos-for-ebay","ru","blog","blog_034","index","yes","blog-blog_034-ruen",""
"/en/blog/product-photos-for-ebay","en","blog","blog_034","index","yes","blog-blog_034-ruen",""
"/ru/blog/product-photos-for-amazon","ru","blog","blog_035","index","yes","blog-blog_035-ruen",""
"/en/blog/product-photos-for-amazon","en","blog","blog_035","index","yes","blog-blog_035-ruen",""
"/ru/blog/product-photos-for-etsy","ru","blog","blog_036","index","yes","blog-blog_036-ruen",""
"/en/blog/product-photos-for-etsy","en","blog","blog_036","index","yes","blog-blog_036-ruen",""
"/ru/blog/kak-sdelat-reels-iz-foto-tovara","ru","blog","blog_047","index","yes","blog-blog_047-ruen",""
"/en/blog/how-to-make-reels-from-a-product-photo","en","blog","blog_047","index","yes","blog-blog_047-ruen",""
"/ru/blog/kak-sdelat-video-tovara-iz-fotografii","ru","blog","blog_048","index","yes","blog-blog_048-ruen",""
"/en/blog/how-to-create-a-product-video-from-a-photo","en","blog","blog_048","index","yes","blog-blog_048-ruen",""
"/ru/blog/how-to-prepare-product-photos-for-instagram","ru","blog","blog_049","index","yes","blog-blog_049-ruen",""
"/en/blog/how-to-prepare-product-photos-for-instagram","en","blog","blog_049","index","yes","blog-blog_049-ruen",""
"/ru/blog/how-marketplace-managers-can-speed-up-content","ru","blog","blog_055","index","yes","blog-blog_055-ruen",""
"/en/blog/how-marketplace-managers-can-speed-up-content","en","blog","blog_055","index","yes","blog-blog_055-ruen",""
"/ru/blog/when-ai-product-photos-are-better-than-a-photoshoot","ru","blog","blog_060","index","yes","blog-blog_060-ruen",""
"/en/blog/when-ai-product-photos-are-better-than-a-photoshoot","en","blog","blog_060","index","yes","blog-blog_060-ruen",""
"/ru/blog/when-ai-product-photos-are-not-a-fit","ru","blog","blog_061","index","yes","blog-blog_061-triad",""
"/en/blog/when-ai-product-photos-are-not-a-fit","en","blog","blog_061","index","yes","blog-blog_061-triad",""
"/kk/blog/ai-tauar-fotosy-kashan-sajkes-kelmeidi","kk","blog","blog_061","index","yes","blog-blog_061-triad",""
"/ru/blog/how-to-check-the-quality-of-ai-product-cards","ru","blog","blog_063","index","yes","blog-blog_063-triad",""
"/en/blog/how-to-check-the-quality-of-ai-product-cards","en","blog","blog_063","index","yes","blog-blog_063-triad",""
"/kk/blog/ai-kartochka-sapasyn-tekseru","kk","blog","blog_063","index","yes","blog-blog_063-triad",""
"/ru/blog/kak-udalit-fon-s-foto-tovara","ru","blog","blog_064","index","yes","blog-blog_064-triad",""
"/en/blog/how-to-remove-the-background-from-a-product-photo","en","blog","blog_064","index","yes","blog-blog_064-triad",""
"/kk/blog/onim-fonyn-alu","kk","blog","blog_064","index","yes","blog-blog_064-triad",""
"/ru/blog/kak-zamenit-fon-u-tovara","ru","blog","blog_065","index","yes","blog-blog_065-ruen",""
"/en/blog/how-to-replace-a-product-background","en","blog","blog_065","index","yes","blog-blog_065-ruen",""
"/ru/blog/how-to-remove-unwanted-objects-from-a-product-photo","ru","blog","blog_067","index","yes","blog-blog_067-ruen",""
"/en/blog/how-to-remove-unwanted-objects-from-a-product-photo","en","blog","blog_067","index","yes","blog-blog_067-ruen",""
"/ru/blog/ai-foto-ili-fotosessiya-chto-vybrat","ru","blog","blog_074","index","yes","blog-blog_074-ruen",""
"/en/blog/ai-product-photos-or-a-photoshoot-what-to-choose","en","blog","blog_074","index","yes","blog-blog_074-ruen",""
"/ru/blog/product-shot-or-clothing-on-model","ru","blog","blog_075","index","yes","blog-blog_075-ruen",""
"/en/blog/product-shot-or-clothing-on-model","en","blog","blog_075","index","yes","blog-blog_075-ruen",""
"/ru/blog/ai-model-or-real-model","ru","blog","blog_077","index","yes","blog-blog_077-triad",""
"/en/blog/ai-model-or-real-model","en","blog","blog_077","index","yes","blog-blog_077-triad",""
"/kk/blog/ai-model-zhane-shyn-model","kk","blog","blog_077","index","yes","blog-blog_077-triad",""
"/ru/blog/how-to-write-a-prompt-for-product-photography","ru","blog","blog_094","index","yes","blog-blog_094-ruen",""
"/en/blog/how-to-write-a-prompt-for-product-photography","en","blog","blog_094","index","yes","blog-blog_094-ruen",""
"/ru/blog/how-to-describe-a-model-for-clothing-photos","ru","blog","blog_096","index","yes","blog-blog_096-ruen",""
"/en/blog/how-to-describe-a-model-for-clothing-photos","en","blog","blog_096","index","yes","blog-blog_096-ruen",""
"/ru/blog/kak-zastavit-ai-sohranit-tovar","ru","blog","blog_098","index","yes","blog-blog_098-ruen",""
"/en/blog/how-to-make-ai-preserve-the-product","en","blog","blog_098","index","yes","blog-blog_098-ruen",""
"/ru/examples","ru","examples-hub","examples","noindex","no","","scaffold"
"/ru/examples/","ru","examples","","noindex","no","","scaffold"
"/ru/examples/product-photos","ru","examples","product-photos","noindex","no","","scaffold"
"/ru/examples/clothing-on-model","ru","examples","clothing-on-model","noindex","no","","scaffold"
"/ru/examples/background-removal","ru","examples","background-removal","noindex","no","","scaffold"
"/ru/examples/kaspi-product-cards","ru","examples","kaspi-product-cards","noindex","no","","scaffold"
"/ru/examples/lingerie-on-ai-model","ru","examples","lingerie-on-ai-model","noindex","no","","scaffold"
"/en/examples","en","examples-hub","examples","noindex","no","","scaffold"
"/en/examples/","en","examples","","noindex","no","","scaffold"
"/en/examples/product-photos","en","examples","product-photos","noindex","no","","scaffold"
"/en/examples/clothing-on-model","en","examples","clothing-on-model","noindex","no","","scaffold"
"/en/examples/background-removal","en","examples","background-removal","noindex","no","","scaffold"
"/en/examples/kaspi-product-cards","en","examples","kaspi-product-cards","noindex","no","","scaffold"
"/en/examples/lingerie-on-ai-model","en","examples","lingerie-on-ai-model","noindex","no","","scaffold"
"/kk/examples","kk","examples-hub","examples","noindex","no","","scaffold"
"/kk/examples/","kk","examples","","noindex","no","","scaffold"
"/kk/examples/kaspi-product-cards","kk","examples","kaspi-product-cards","noindex","no","","scaffold"
"/kk/examples/clothing-on-model","kk","examples","clothing-on-model","noindex","no","","scaffold"
"/ru/platforms/kaspi-foto-tovarov","ru","platform","kaspi","index","yes","platform-kaspi",""
"/en/platforms/kaspi-product-photos","en","platform","kaspi","index","yes","platform-kaspi",""
"/kk/platforms/kaspi-product-photos","kk","platform","kaspi","noindex-needs_review","no","platform-kaspi",""
"/ru/platforms/wildberries-foto-tovarov","ru","platform","wildberries","index","yes","platform-wildberries",""
"/en/platforms/wildberries-product-photos","en","platform","wildberries","index","yes","platform-wildberries",""
"/kk/platforms/wildberries-product-photos","kk","platform","wildberries","noindex-needs_review","no","platform-wildberries",""
"/ru/platforms/ozon-foto-tovarov","ru","platform","ozon","index","yes","platform-ozon",""
"/en/platforms/ozon-product-photos","en","platform","ozon","index","yes","platform-ozon",""
"/kk/platforms/ozon-product-photos","kk","platform","ozon","noindex-needs_review","no","platform-ozon",""
"/ru/platforms/ebay-foto-tovarov","ru","platform","ebay","index","yes","platform-ebay",""
"/en/platforms/ebay-product-photos","en","platform","ebay","index","yes","platform-ebay",""
"/kk/platforms/ebay-product-photos","kk","platform","ebay","noindex-needs_review","no","platform-ebay",""
"/ru/platforms/amazon-foto-tovarov","ru","platform","amazon","index","yes","platform-amazon",""
"/en/platforms/amazon-product-photos","en","platform","amazon","index","yes","platform-amazon",""
"/kk/platforms/amazon-product-photos","kk","platform","amazon","noindex-needs_review","no","platform-amazon",""
"/ru/platforms/etsy-foto-tovarov","ru","platform","etsy","index","yes","platform-etsy",""
"/en/platforms/etsy-product-photos","en","platform","etsy","index","yes","platform-etsy",""
"/kk/platforms/etsy-product-photos","kk","platform","etsy","noindex-needs_review","no","platform-etsy",""
"/ru/platforms/shopify-foto-tovarov","ru","platform","shopify","index","yes","platform-shopify",""
"/en/platforms/shopify-product-photos","en","platform","shopify","index","yes","platform-shopify",""
"/kk/platforms/shopify-product-photos","kk","platform","shopify","noindex-needs_review","no","platform-shopify",""
"/ru/platforms/instagram-shop-foto-tovarov","ru","platform","instagram-shop","index","yes","platform-instagram-shop",""
"/en/platforms/instagram-shop-product-photos","en","platform","instagram-shop","index","yes","platform-instagram-shop",""
"/kk/platforms/instagram-shop-product-photos","kk","platform","instagram-shop","noindex-needs_review","no","platform-instagram-shop",""
"/ru/platforms/tiktok-shop-foto-tovarov","ru","platform","tiktok-shop","index","yes","platform-tiktok-shop",""
"/en/platforms/tiktok-shop-product-photos","en","platform","tiktok-shop","index","yes","platform-tiktok-shop",""
"/kk/platforms/tiktok-shop-product-photos","kk","platform","tiktok-shop","noindex-needs_review","no","platform-tiktok-shop",""
"/ru/platforms/facebook-marketplace-foto-tovarov","ru","platform","facebook-marketplace","index","yes","platform-facebook-marketplace",""
"/en/platforms/facebook-marketplace-product-photos","en","platform","facebook-marketplace","index","yes","platform-facebook-marketplace",""
"/kk/platforms/facebook-marketplace-product-photos","kk","platform","facebook-marketplace","noindex-needs_review","no","platform-facebook-marketplace",""
"/ru/platforms/olx-foto-tovarov","ru","platform","olx","index","yes","platform-olx",""
"/en/platforms/olx-product-photos","en","platform","olx","index","yes","platform-olx",""
"/kk/platforms/olx-product-photos","kk","platform","olx","noindex-needs_review","no","platform-olx",""
"/ru/platforms/aliexpress-foto-tovarov","ru","platform","aliexpress","index","yes","platform-aliexpress",""
"/en/platforms/aliexpress-product-photos","en","platform","aliexpress","index","yes","platform-aliexpress",""
"/kk/platforms/aliexpress-product-photos","kk","platform","aliexpress","noindex-needs_review","no","platform-aliexpress",""
"/ru/platforms/temu-foto-tovarov","ru","platform","temu","index","yes","platform-temu",""
"/en/platforms/temu-product-photos","en","platform","temu","index","yes","platform-temu",""
"/kk/platforms/temu-product-photos","kk","platform","temu","noindex-needs_review","no","platform-temu",""
"/ru/use-cases/odezhda-na-ai-modeli","ru","use-case","clothing-on-model","index","yes","usecase-clothing-on-model",""
"/en/use-cases/clothing-on-ai-model","en","use-case","clothing-on-model","index","yes","usecase-clothing-on-model",""
"/kk/use-cases/clothing-on-ai-model","kk","use-case","clothing-on-model","noindex-needs_review","no","usecase-clothing-on-model",""
"/ru/use-cases/bele-na-ai-modeli","ru","use-case","lingerie-on-ai-model","index","yes","usecase-lingerie-on-ai-model",""
"/en/use-cases/lingerie-on-ai-model","en","use-case","lingerie-on-ai-model","index","yes","usecase-lingerie-on-ai-model",""
"/kk/use-cases/lingerie-on-ai-model","kk","use-case","lingerie-on-ai-model","noindex-needs_review","no","usecase-lingerie-on-ai-model",""
"/ru/use-cases/plus-size-model-foto","ru","use-case","plus-size-model-photos","index","yes","usecase-plus-size-model-photos",""
"/en/use-cases/plus-size-model-photos","en","use-case","plus-size-model-photos","index","yes","usecase-plus-size-model-photos",""
"/kk/use-cases/plus-size-model-photos","kk","use-case","plus-size-model-photos","noindex-needs_review","no","usecase-plus-size-model-photos",""
"/ru/use-cases/foto-bizhuterii","ru","use-case","jewelry-product-photos","index","yes","usecase-jewelry-product-photos",""
"/en/use-cases/jewelry-product-photos","en","use-case","jewelry-product-photos","index","yes","usecase-jewelry-product-photos",""
"/kk/use-cases/jewelry-product-photos","kk","use-case","jewelry-product-photos","noindex-needs_review","no","usecase-jewelry-product-photos",""
"/ru/use-cases/foto-obuvi","ru","use-case","shoes-product-photos","index","yes","usecase-shoes-product-photos",""
"/en/use-cases/shoes-product-photos","en","use-case","shoes-product-photos","index","yes","usecase-shoes-product-photos",""
"/kk/use-cases/shoes-product-photos","kk","use-case","shoes-product-photos","noindex-needs_review","no","usecase-shoes-product-photos",""
"/ru/use-cases/foto-sumok","ru","use-case","bags-product-photos","index","yes","usecase-bags-product-photos",""
"/en/use-cases/bags-product-photos","en","use-case","bags-product-photos","index","yes","usecase-bags-product-photos",""
"/kk/use-cases/bags-product-photos","kk","use-case","bags-product-photos","noindex-needs_review","no","usecase-bags-product-photos",""
"/ru/use-cases/foto-kosmetiki","ru","use-case","cosmetics-product-photos","index","yes","usecase-cosmetics-product-photos",""
"/en/use-cases/cosmetics-product-photos","en","use-case","cosmetics-product-photos","index","yes","usecase-cosmetics-product-photos",""
"/kk/use-cases/cosmetics-product-photos","kk","use-case","cosmetics-product-photos","noindex-needs_review","no","usecase-cosmetics-product-photos",""
"/ru/use-cases/belyy-fon-dlya-marketpleysa","ru","use-case","marketplace-white-background","index","yes","usecase-marketplace-white-background",""
"/en/use-cases/marketplace-white-background","en","use-case","marketplace-white-background","index","yes","usecase-marketplace-white-background",""
"/kk/use-cases/marketplace-white-background","kk","use-case","marketplace-white-background","noindex-needs_review","no","usecase-marketplace-white-background",""
"/ru/use-cases/foto-tovara-dlya-instagram","ru","use-case","instagram-product-photos","index","yes","usecase-instagram-product-photos",""
"/en/use-cases/instagram-product-photos","en","use-case","instagram-product-photos","index","yes","usecase-instagram-product-photos",""
"/kk/use-cases/instagram-product-photos","kk","use-case","instagram-product-photos","noindex-needs_review","no","usecase-instagram-product-photos",""
"/ru/use-cases/video-tovara-iz-foto","ru","use-case","product-video-from-photo","index","yes","usecase-product-video-from-photo",""
"/en/use-cases/product-video-from-photo","en","use-case","product-video-from-photo","index","yes","usecase-product-video-from-photo",""
"/kk/use-cases/product-video-from-photo","kk","use-case","product-video-from-photo","noindex-needs_review","no","usecase-product-video-from-photo",""
"/ru/use-cases/reels-iz-foto-tovara","ru","use-case","reels-from-product-image","index","yes","usecase-reels-from-product-image",""
"/en/use-cases/reels-from-product-image","en","use-case","reels-from-product-image","index","yes","usecase-reels-from-product-image",""
"/kk/use-cases/reels-from-product-image","kk","use-case","reels-from-product-image","noindex-needs_review","no","usecase-reels-from-product-image",""
"/ru/use-cases/ai-zamena-fona","ru","use-case","ai-background-replacement","index","yes","usecase-ai-background-replacement",""
"/en/use-cases/ai-background-replacement","en","use-case","ai-background-replacement","index","yes","usecase-ai-background-replacement",""
"/kk/use-cases/ai-background-replacement","kk","use-case","ai-background-replacement","noindex-needs_review","no","usecase-ai-background-replacement",""
"/ru/use-cases/ochistka-tovarnogo-foto","ru","use-case","product-photo-cleanup","index","yes","usecase-product-photo-cleanup",""
"/en/use-cases/product-photo-cleanup","en","use-case","product-photo-cleanup","index","yes","usecase-product-photo-cleanup",""
"/kk/use-cases/product-photo-cleanup","kk","use-case","product-photo-cleanup","noindex-needs_review","no","usecase-product-photo-cleanup",""
"/ru/use-cases/tochnaya-tovarnaya-kartochka","ru","use-case","exact-product-card","index","yes","usecase-exact-product-card",""
"/en/use-cases/exact-product-card","en","use-case","exact-product-card","index","yes","usecase-exact-product-card",""
"/kk/use-cases/exact-product-card","kk","use-case","exact-product-card","noindex-needs_review","no","usecase-exact-product-card",""
"/ru/use-cases/kreativnaya-scena-tovara","ru","use-case","creative-product-scene","index","yes","usecase-creative-product-scene",""
"/en/use-cases/creative-product-scene","en","use-case","creative-product-scene","index","yes","usecase-creative-product-scene",""
"/kk/use-cases/creative-product-scene","kk","use-case","creative-product-scene","noindex-needs_review","no","usecase-creative-product-scene",""
"/ru/use-cases/foto-dlya-ecommerce-kataloga","ru","use-case","ecommerce-catalog-photos","index","yes","usecase-ecommerce-catalog-photos",""
"/en/use-cases/ecommerce-catalog-photos","en","use-case","ecommerce-catalog-photos","index","yes","usecase-ecommerce-catalog-photos",""
"/kk/use-cases/ecommerce-catalog-photos","kk","use-case","ecommerce-catalog-photos","noindex-needs_review","no","usecase-ecommerce-catalog-photos",""
"/ru/use-cases/foto-kataloga-postavshchika","ru","use-case","supplier-catalog-photos","index","yes","usecase-supplier-catalog-photos",""
"/en/use-cases/supplier-catalog-photos","en","use-case","supplier-catalog-photos","index","yes","usecase-supplier-catalog-photos",""
"/kk/use-cases/supplier-catalog-photos","kk","use-case","supplier-catalog-photos","noindex-needs_review","no","usecase-supplier-catalog-photos",""
"/ru/use-cases/foto-tovarov-shouruma","ru","use-case","showroom-product-photos","index","yes","usecase-showroom-product-photos",""
"/en/use-cases/showroom-product-photos","en","use-case","showroom-product-photos","index","yes","usecase-showroom-product-photos",""
"/kk/use-cases/showroom-product-photos","kk","use-case","showroom-product-photos","noindex-needs_review","no","usecase-showroom-product-photos",""
"/ru/use-cases/tovarnye-foto-dlya-malogo-biznesa","ru","use-case","small-business-product-photos","index","yes","usecase-small-business-product-photos",""
"/en/use-cases/small-business-product-photos","en","use-case","small-business-product-photos","index","yes","usecase-small-business-product-photos",""
"/kk/use-cases/small-business-product-photos","kk","use-case","small-business-product-photos","noindex-needs_review","no","usecase-small-business-product-photos",""
"/ru/use-cases/workflow-kontent-menedzhera","ru","use-case","marketplace-content-manager-workflow","index","yes","usecase-marketplace-content-manager-workflow",""
"/en/use-cases/marketplace-content-manager-workflow","en","use-case","marketplace-content-manager-workflow","index","yes","usecase-marketplace-content-manager-workflow",""
"/kk/use-cases/marketplace-content-manager-workflow","kk","use-case","marketplace-content-manager-workflow","noindex-needs_review","no","usecase-marketplace-content-manager-workflow",""
